SALE TYPE,SOLD DATE,PROPERTY TYPE,ADDRESS,CITY,STATE OR PROVINCE,ZIP OR POSTAL CODE,PRICE,BEDS,BATHS,LOCATION,SQUARE FEET,LOT SIZE,YEAR BUILT,DAYS ON MARKET,$/SQUARE FEET,HOA/MONTH,STATUS,NEXT OPEN HOUSE START TIME,NEXT OPEN HOUSE END TIME,URL (SEE http://www.redfin.com/buy-a-home/comparative-market-analysis FOR INFO ON PRICING),SOURCE,MLS#,FAVORITE,INTERESTED,LATITUDE,LONGITUDE
MLS Listing,,Condo/Co-op,1335 S Prairie Ave #1105,Chicago,IL,60605,799000,3,2.5,Museum Park Tower II,2076,,2003,1,385,1170,Active,,,http://www.redfin.com/IL/Chicago/1335-S-Prairie-Ave-60605/unit-1105/home/12669427,MRED,11268174,N,Y,41.8646742,-87.6207646
MLS Listing,,Single Family Residential,4944 W Roscoe St,Chicago,IL,60641,424900,4,3.5,CHI - Portage Park,2921,4173,1924,1,145,,Active,,,http://www.redfin.com/IL/Chicago/4944-W-Roscoe-St-60641/home/13459053,MRED,11268165,N,Y,41.9426263,-87.7512488
MLS Listing,,Single Family Residential,8111 S Scottsdale Ave,Chicago,IL,60652,265000,3,1,CHI - Ashburn,998,,1956,1,266,,Active,,,http://www.redfin.com/IL/Chicago/8111-S-Scottsdale-Ave-60652/home/13970844,MRED,11268170,N,Y,41.7459643,-87.7371723
MLS Listing,,Condo/Co-op,4335 N Mozart St #1,Chicago,IL,60618,325000,3,2,CHI - Irving Park,1875,,2002,1,173,248,Active,November-14-2021 11:00 AM,November-14-2021 12:30 PM,http://www.redfin.com/IL/Chicago/4335-N-Mozart-St-60618/unit-1/home/12727392,MRED,11266874,N,Y,41.9604574,-87.6993442
MLS Listing,,Single Family Residential,5736 S Loomis Blvd,Chicago,IL,60636,159900,5,2,CHI - West Englewood,1953,3123,1906,1,82,,Active,,,http://www.redfin.com/IL/Chicago/5736-S-Loomis-Blvd-60636/home/13941117,MRED,11268151,N,Y,41.7893705,-87.6598662
MLS Listing,,Single Family Residential,6619 S Saint Lawrence Ave,Chicago,IL,60619,149900,4,1,CHI - Chatham,1744,3027,1915,1,86,,Active,,,http://www.redfin.com/IL/Chicago/6619-S-St-Lawrence-Ave-60637/home/13930091,MRED,11268149,N,Y,41.7742661,-87.6103743
MLS Listing,,Condo/Co-op,2912 N Commonwealth Ave Unit 10CD,Chicago,IL,60657,1300000,4,3.5,CHI - Lake View,4500,,1929,1,289,2379,Active,,,http://www.redfin.com/IL/Chicago/2912-N-Commonwealth-Ave-60657/unit-10CD/home/104210194,MRED,11268146,N,Y,41.9348315,-87.6383318
MLS Listing,,Single Family Residential,3226 N Ozark Ave,Chicago,IL,60634,335000,4,2,CHI - Dunning,979,,1943,1,342,,Active,November-13-2021 01:00 PM,November-13-2021 03:00 PM,http://www.redfin.com/IL/Chicago/3226-N-Ozark-Ave-60634/home/13540864,MRED,11264442,N,Y,41.938729,-87.8204904
MLS Listing,,Single Family Residential,1757 E 71st Pl,Chicago,IL,60649,279900,5,2.5,CHI - South Shore,2000,4826,,1,140,,Active,November-14-2021 01:00 PM,November-14-2021 02:00 PM,http://www.redfin.com/IL/Chicago/1757-E-71st-Pl-60649/home/13926090,MRED,11268123,N,Y,41.7649905,-87.5814639
MLS Listing,,Townhouse,7839 S Yates Blvd #7839,Chicago,IL,60649,135000,3,2,CHI - South Shore,,,1956,1,,,Active,,,http://www.redfin.com/IL/Chicago/7839-S-Yates-Blvd-60649/unit-7839/home/177157212,MRED,11268130,N,Y,41.752384,-87.5660577
MLS Listing,,Condo/Co-op,2000 N Lincoln Park West #802,Chicago,IL,60614,499000,2,2,CHI - Lincoln Park,1250,,1931,1,399,890,Active,,,http://www.redfin.com/IL/Chicago/2000-N-Lincoln-Park-W-60614/unit-802/home/12659120,MRED,11268125,N,Y,41.9199016,-87.6365672
MLS Listing,,Single Family Residential,5738 W Grace St,Chicago,IL,60634,700000,6,3,CHI - Portage Park,,3689,1920,1,,,Active,November-13-2021 12:00 PM,November-13-2021 01:30 PM,http://www.redfin.com/IL/Chicago/5738-W-Grace-St-60634/home/13466298,MRED,11268131,N,Y,41.9496686,-87.7708947
MLS Listing,,Condo/Co-op,1151 W 14th Pl #301,Chicago,IL,60608,325000,1,1,University Commons,1005,,2004,1,323,437,Active,,,http://www.redfin.com/IL/Chicago/1151-W-14th-Pl-60608/unit-301/home/18935040,MRED,11268111,N,Y,41.8623228,-87.6562151
MLS Listing,,Condo/Co-op,3110 W Belle Plaine Ave #3,Chicago,IL,60618,220000,2,1,CHI - Irving Park,,,1920,1,,291,Active,,,http://www.redfin.com/IL/Chicago/3110-W-Belle-Plaine-Ave-60618/unit-3/home/12745848,MRED,11268099,N,Y,41.9559066,-87.7059699
MLS Listing,,Condo/Co-op,6145 N Sheridan Rd Unit 30C,Chicago,IL,60660,270000,2,2,Edgewater Beach,1600,,1970,1,169,935,Active,November-14-2021 11:30 AM,November-14-2021 01:00 PM,http://www.redfin.com/IL/Chicago/6145-N-Sheridan-Rd-60660/unit-30C/home/13412565,MRED,11268101,N,Y,41.993558,-87.654636
MLS Listing,,Multi-Family (2-4 Unit),4036 N Saint Louis Ave,Chicago,IL,60618,549000,5,3,CHI - Irving Park,,,1911,1,,,Active,November-13-2021 11:00 AM,November-13-2021 01:00 PM,http://www.redfin.com/IL/Chicago/4036-N-St-Louis-Ave-60618/home/13482705,MRED,11268086,N,Y,41.9549759,-87.715703
MLS Listing,,Condo/Co-op,333 W Hubbard St #305,Chicago,IL,60654,359999,2,2,Union Square Lofts,1184,,1998,1,304,814,Active,,,http://www.redfin.com/IL/Chicago/333-W-Hubbard-St-60654/unit-305/home/12766424,MRED,11268081,N,Y,41.8894049,-87.6366024
MLS Listing,,Condo/Co-op,1625 W Fargo Ave Unit 3N,Chicago,IL,60626,129000,1,1,CHI - Rogers Park,,,1920,1,,273,Active,,,http://www.redfin.com/IL/Chicago/1625-W-Fargo-Ave-60626/unit-3N/home/18943934,MRED,11268069,N,Y,42.016626,-87.671347
MLS Listing,,Multi-Family (2-4 Unit),6500 S Bishop St,Chicago,IL,60636,139900,7,3,CHI - West Englewood,,,1890,1,,,Active,,,http://www.redfin.com/IL/Chicago/6500-S-Bishop-St-60636/home/13933769,MRED,11268075,N,Y,41.7757533,-87.6607986
MLS Listing,,Single Family Residential,5305 N Austin Ave,Chicago,IL,60630,350000,2,2,Gladstone Park,1018,3720,1953,1,344,,Active,,,http://www.redfin.com/IL/Chicago/5305-N-Austin-Ave-60630/home/13501767,MRED,11268071,N,Y,41.9776849,-87.777861
MLS Listing,,Single Family Residential,9339 S Paxton Ave,Chicago,IL,60617,225000,4,3,CHI - Calumet Heights,,3123,1905,1,,,Active,,,http://www.redfin.com/IL/Chicago/9339-S-Paxton-Ave-60617/home/13115758,MRED,11268065,N,Y,41.724958,-87.5702692
MLS Listing,,Condo/Co-op,260 E Chestnut St #3105,Chicago,IL,60611,299000,1,1,CHI - Near North Side,936,,1963,1,319,678,Active,,,http://www.redfin.com/IL/Chicago/260-E-Chestnut-St-60611/unit-3105/home/14119166,MRED,11268054,N,Y,41.8986644,-87.6196021
MLS Listing,,Single Family Residential,11635 S Vincennes Ave,Chicago,IL,60643,285000,4,1.5,CHI - Morgan Park,918,3123,1974,1,310,,Active,,,http://www.redfin.com/IL/Chicago/11635-S-Vincennes-Ave-60643/home/13069233,MRED,11268058,N,Y,41.6823782,-87.6686892
MLS Listing,,Condo/Co-op,632 W Wrightwood Ave Unit 4W,Chicago,IL,60614,615000,2,2,CHI - Lincoln Park,1660,,1997,1,370,436,Active,November-13-2021 11:00 AM,November-13-2021 01:00 PM,http://www.redfin.com/IL/Chicago/632-W-Wrightwood-Ave-60614/unit-4W/home/12806106,MRED,11268057,N,Y,41.929704,-87.644165
MLS Listing,,Condo/Co-op,10518 S Artesian Ave Unit 1N,Chicago,IL,60655,115000,2,1,CHI - Beverly,1000,,1955,1,115,169,Active,,,http://www.redfin.com/IL/Chicago/10518-S-Artesian-Ave-60655/unit-1N/home/12816800,MRED,11268061,N,Y,41.7022167,-87.6831132
MLS Listing,,Multi-Family (2-4 Unit),6423 N Campbell Ave,Chicago,IL,60645,525000,6,3,CHI - West Ridge,,,1927,1,,,Active,,,http://www.redfin.com/IL/Chicago/6423-N-Campbell-Ave-60645/home/13581207,MRED,11268053,N,Y,41.9983926,-87.692095
MLS Listing,,Condo/Co-op,2221 N Lister Ave Unit 3F,Chicago,IL,60614,350000,2,2,CHI - Logan Square,1455,,1918,1,241,375,Active,,,http://www.redfin.com/IL/Chicago/2221-N-Lister-Ave-60614/unit-3F/home/12771617,MRED,11268047,N,Y,41.9220547,-87.674516
MLS Listing,,Condo/Co-op,421 W Huron St #1504,Chicago,IL,60654,515000,2,2,CHI - Near North Side,1200,,2001,1,429,846,Active,,,http://www.redfin.com/IL/Chicago/421-W-Huron-St-60654/unit-1504/home/12738292,MRED,11259893,N,Y,41.8944434,-87.6395533
MLS Listing,,Single Family Residential,2047 N Keeler Ave,Chicago,IL,60639,450000,5,3,CHI - Hermosa,,3023,,1,,,Active,November-13-2021 12:00 PM,November-13-2021 02:00 PM,http://www.redfin.com/IL/Chicago/2047-N-Keeler-Ave-60639/home/13421994,MRED,11268037,N,Y,41.9184854,-87.7310173
MLS Listing,,Condo/Co-op,33 W Delaware Pl Unit 12D,Chicago,IL,60610,265000,1,1,Delaware Place,850,,1986,1,312,682,Active,,,http://www.redfin.com/IL/Chicago/33-W-Delaware-Pl-60610/unit-12D/home/12666787,MRED,11268036,N,Y,41.8989101,-87.6293147
MLS Listing,,Multi-Family (2-4 Unit),8159 S Coles Ave,Chicago,IL,60617,239900,7,4,CHI - South Chicago,,,1915,1,,,Active,,,http://www.redfin.com/IL/Chicago/8159-S-Coles-Ave-60617/home/13213751,MRED,11268030,N,Y,41.7466224,-87.5488758
MLS Listing,,Multi-Family (2-4 Unit),3652 W Mclean Ave,Chicago,IL,60647,850000,5,4.5,CHI - Logan Square,,,1891,1,,,Active,,,http://www.redfin.com/IL/Chicago/3652-W-McLean-Ave-60647/home/13421470,MRED,11268034,N,Y,41.9183795,-87.7188924
MLS Listing,,Condo/Co-op,6530 W Irving Park Rd #205,Chicago,IL,60634,165000,1,1,Merrimac Square,1000,,1994,1,165,257,Active,,,http://www.redfin.com/IL/Chicago/6530-W-Irving-Park-Rd-60634/unit-205/home/13470889,MRED,11268029,N,Y,41.953285,-87.790441
MLS Listing,,Condo/Co-op,360 W Illinois St #117,Chicago,IL,60654,425000,2,2,CHI - Near North Side,1400,,1923,1,304,709,Active,November-14-2021 12:00 PM,November-14-2021 01:30 PM,http://www.redfin.com/IL/Chicago/360-W-Illinois-St-60654/unit-117/home/12738734,MRED,11262449,N,Y,41.8909752,-87.6385396
MLS Listing,,Single Family Residential,4332 W 82nd Pl,Chicago,IL,60652,319999,5,2.5,Crestline,2400,5854,1956,1,133,,Active,,,http://www.redfin.com/IL/Chicago/4332-W-82nd-Pl-60652/home/13968917,MRED,11268015,N,Y,41.7429649,-87.7309019
MLS Listing,,Multi-Family (2-4 Unit),2640 N Richmond St,Chicago,IL,60647,699900,6,2,CHI - Logan Square,,,1900,1,,,Active,November-13-2021 12:00 PM,November-13-2021 02:00 PM,http://www.redfin.com/IL/Chicago/2640-N-Richmond-St-60647/unit-2/home/13449784,MRED,11268001,N,Y,41.9298712,-87.7015385
MLS Listing,,Condo/Co-op,1469 W Winona St #2,Chicago,IL,60640,425000,2,1.5,CHI - Uptown,1593,,1923,1,267,315,Active,November-13-2021 01:00 PM,November-13-2021 03:00 PM,http://www.redfin.com/IL/Chicago/1469-W-Winona-St-60640/unit-2/home/13399375,MRED,11267997,N,Y,41.9751035,-87.6673875
MLS Listing,,Townhouse,1328 S Federal St Unit I,Chicago,IL,60605,574999,3,2.5,Dearborn Park II,2350,,1991,1,245,574,Active,November-14-2021 12:00 PM,November-14-2021 02:30 PM,http://www.redfin.com/IL/Chicago/1328-S-Federal-St-60605/unit-I/home/14085130,MRED,11267999,N,Y,41.8649368,-87.6298684
MLS Listing,,Single Family Residential,3321 W Crystal St,Chicago,IL,60651,875000,5,3.5,CHI - Humboldt Park,3000,3101,2021,1,292,,Active,,,http://www.redfin.com/IL/Chicago/3321-W-Crystal-St-60651/home/13285385,MRED,11267995,N,Y,41.903543,-87.7101994
MLS Listing,,Single Family Residential,2535 W Winona St,Chicago,IL,60625,419900,4,2,CHI - Lincoln Square,1500,2748,1910,1,280,,Active,,,http://www.redfin.com/IL/Chicago/2535-W-Winona-St-60625/home/13490104,MRED,11267982,N,Y,41.9746658,-87.6936846
MLS Listing,,Single Family Residential,7001 S Throop St,Chicago,IL,60636,74900,2,1,CHI - West Englewood,1000,3123,1953,1,75,,Active,,,http://www.redfin.com/IL/Chicago/7001-S-Throop-St-60636/home/13932153,MRED,11267979,N,Y,41.7667225,-87.6563694
MLS Listing,,Condo/Co-op,340 W Superior St #801,Chicago,IL,60654,460000,2,2,CHI - Near North Side,1200,,2001,1,383,734,Active,November-14-2021 11:00 AM,November-14-2021 01:00 PM,http://www.redfin.com/IL/Chicago/340-W-Superior-St-60654/unit-801/home/12681425,MRED,11267988,N,Y,41.8957828,-87.6377203
MLS Listing,,Condo/Co-op,5757 N St. Louis Ave #1,Chicago,IL,60659,399500,3,2.5,CHI - North Park,2600,,1945,1,154,400,Active,November-13-2021 01:00 PM,November-13-2021 03:00 PM,http://www.redfin.com/IL/Chicago/5757-N-Saint-Louis-Ave-60659/unit-1/home/177163739,MRED,11267973,N,Y,41.9864268,-87.715949
MLS Listing,,Multi-Family (2-4 Unit),5701 S Laflin St,Chicago,IL,60636,124800,9,4,CHI - West Englewood,,3049,1912,1,,,Active,,,http://www.redfin.com/IL/Chicago/5701-S-Laflin-St-60636/home/13941544,MRED,11267974,N,Y,41.7903019,-87.661703
MLS Listing,,Condo/Co-op,1235 S Prairie Ave #3209,Chicago,IL,60605,649900,2,2,Museum Park,1516,,2006,1,429,872,Active,,,http://www.redfin.com/IL/Chicago/1235-S-Prairie-Ave-60605/unit-3209/home/18916869,MRED,11267964,N,Y,41.8661749,-87.6213375
MLS Listing,,Condo/Co-op,3201 W Balmoral Ave #202,Chicago,IL,60625,179000,2,1,CHI - North Park,1000,,1971,1,179,266,Active,,,http://www.redfin.com/IL/Chicago/3201-W-Balmoral-Ave-60625/unit-202/home/12614076,MRED,11267970,N,Y,41.9791733,-87.709141
MLS Listing,,Single Family Residential,2814 N Springfield Ave,Chicago,IL,60618,469000,5,3,CHI - Avondale,1600,3110,1898,1,293,,Active,,,http://www.redfin.com/IL/Chicago/2814-N-Springfield-Ave-60618/home/13448875,MRED,11267962,N,Y,41.9323183,-87.7248133
MLS Listing,,Single Family Residential,2635 N Albany Ave,Chicago,IL,60647,750000,3,3,Logan Boulevard,1950,3123,1925,1,385,,Active,November-13-2021 11:00 AM,November-13-2021 01:00 PM,http://www.redfin.com/IL/Chicago/2635-N-Albany-Ave-60647/home/13449791,MRED,11267961,N,Y,41.9296915,-87.7046663
MLS Listing,,Condo/Co-op,707 W Waveland Ave #1605,Chicago,IL,60613,124999,0,1,CHI - Lake View,850,,1974,1,147,507,Active,,,http://www.redfin.com/IL/Chicago/707-W-Waveland-Ave-60613/unit-1605/home/177163674,MRED,11267958,N,Y,41.9493496,-87.6469733
MLS Listing,,Single Family Residential,5123 W Fletcher St,Chicago,IL,60641,395000,5,3,CHI - Belmont Cragin,2800,3998,1925,1,141,,Active,,,http://www.redfin.com/IL/Chicago/5123-W-Fletcher-St-60641/home/13441456,MRED,11267944,N,Y,41.9375907,-87.7551709
MLS Listing,,Condo/Co-op,5232 N Campbell Ave Unit GB,Chicago,IL,60625,199990,2,2,CHI - Lincoln Square,1000,,,1,200,215,Active,,,http://www.redfin.com/IL/Chicago/5232-N-Campbell-Ave-60625/unit-GB/home/18940128,MRED,11267943,N,Y,41.9766737,-87.6914689
MLS Listing,,Condo/Co-op,1660 N Hudson Ave Unit 2-O,Chicago,IL,60614,575000,2,2,CHI - Lincoln Park,,,,1,,850,Active,November-13-2021 11:00 AM,November-13-2021 01:00 PM,http://www.redfin.com/IL/Chicago/1660-N-Hudson-Ave-60614/unit-2O/home/13346292,MRED,11266847,N,Y,41.9122952,-87.6400818
MLS Listing,,Single Family Residential,2342 W Superior St,Chicago,IL,60612,1995000,5,4,CHI - West Town,5000,3811,2017,1,399,,Active,,,http://www.redfin.com/IL/Chicago/2342-W-Superior-St-60612/unit-2/home/14104570,MRED,11267934,N,Y,41.8950378,-87.6860242
MLS Listing,,Condo/Co-op,210 S Des Plaines St #501,Chicago,IL,60661,409000,2,2,CHI - Near West Side,1350,,2005,1,303,756,Active,,,http://www.redfin.com/IL/Chicago/210-S-Desplaines-St-60661/unit-501/home/12594624,MRED,11267939,N,Y,41.8789423,-87.6445088
MLS Listing,,Single Family Residential,1740 W 100th St,Chicago,IL,60643,489900,5,3.5,CHI - Beverly,2500,6599,1905,1,196,,Active,November-14-2021 02:00 PM,November-14-2021 03:30 PM,http://www.redfin.com/IL/Chicago/1740-W-100th-St-60643/home/13097418,MRED,11267928,N,Y,41.7122486,-87.6665318
MLS Listing,,Condo/Co-op,565 W Quincy St #1703,Chicago,IL,60661,329900,1,1,CHI - Near West Side,800,,2010,1,412,450,Active,,,http://www.redfin.com/IL/Chicago/565-W-Quincy-St-60661/unit-1703/home/171322258,MRED,11267925,N,Y,41.8784439,-87.6420711
MLS Listing,,Condo/Co-op,1735 W Diversey Pkwy #515,Chicago,IL,60614,379999,2,2,CHI - Lincoln Park,,,1978,1,,416,Active,,,http://www.redfin.com/IL/Chicago/1735-W-Diversey-Pkwy-60614/unit-515/home/12740738,MRED,11267917,N,Y,41.9321719,-87.6725303
MLS Listing,,Single Family Residential,9345 S Damen Ave,Chicago,IL,60643,603750,4,2.5,CHI - Beverly,2698,9365,1929,1,224,,Active,,,http://www.redfin.com/IL/Chicago/9345-S-Damen-Ave-60643/home/13099689,MRED,11267916,N,Y,41.723354,-87.6724836
MLS Listing,,Condo/Co-op,4572 N Milwaukee Ave Unit 5A,Chicago,IL,60630,160000,2,2,CHI - Portage Park,1000,,1975,1,160,300,Active,,,http://www.redfin.com/IL/Chicago/4572-N-Milwaukee-Ave-60630/unit-5A/home/13479870,MRED,11267913,N,Y,41.9639287,-87.758371
MLS Listing,,Multi-Family (2-4 Unit),1929 N Fairfield Ave,Chicago,IL,60647,810000,6,2.5,CHI - Logan Square,,,1910,1,,,Active,,,http://www.redfin.com/IL/Chicago/1929-N-Fairfield-Ave-60647/home/13416056,MRED,11267911,N,Y,41.9165443,-87.6956867
MLS Listing,,Vacant Land,5137 S Newland Ave,Chicago,IL,60638,199900,,,CHI - Garfield Ridge,,,,1,,,Active,,,http://www.redfin.com/IL/Chicago/5137-S-Newland-Ave-60638/home/14029364,MRED,11267912,N,Y,41.798369,-87.795058
MLS Listing,,Vacant Land,2908 W Flournoy St,Chicago,IL,60612,45000,,,CHI - East Garfield Park,,3049,,1,,,Active,,,http://www.redfin.com/IL/Chicago/2908-W-Flournoy-St-60612/home/175173026,MRED,11267906,N,Y,41.8731139,-87.698923
MLS Listing,,Vacant Land,1958 S Trumbull Ave,Chicago,IL,60623,39000,,,CHI - North Lawndale,,2613,,1,,,Active,,,http://www.redfin.com/IL/Chicago/1958-S-Trumbull-Ave-60623/home/147817319,MRED,11267900,N,Y,41.853944,-87.7115479
MLS Listing,,Condo/Co-op,1522 E 59th St Unit 3F,Chicago,IL,60637,97000,1,1,Hyde Park Manor,750,,1926,1,129,375,Active,,,http://www.redfin.com/IL/Chicago/1522-E-59th-St-60637/unit-3F/home/143505835,MRED,11267898,N,Y,41.7879653,-87.5880746
MLS Listing,,Single Family Residential,516 W 117th St,Chicago,IL,60628,199900,3,1,CHI - West Pullman,,3449,1922,1,,,Active,,,http://www.redfin.com/IL/Chicago/516-W-117th-St-60628/home/13061150,MRED,11267891,N,Y,41.6817422,-87.6355462
MLS Listing,,Multi-Family (2-4 Unit),1945 W Thomas St,Chicago,IL,60622,899900,4,4,CHI - West Town,,,1910,1,,,Active,,,http://www.redfin.com/IL/Chicago/1945-W-Thomas-St-60622/unit-1/home/14106701,MRED,11267865,N,Y,41.901202,-87.6765089
MLS Listing,,Multi-Family (2-4 Unit),,Chicago,IL,60609,260000,8,4,CHI - New City,,,,1,,,Active,,,http://www.redfin.com/IL/Chicago/Undisclosed-address-60609/home/13953406,MRED,11267864,N,Y,41.79985128,-87.648561
MLS Listing,,Condo/Co-op,1964 W Foster Ave Unit C,Chicago,IL,60640,359900,2,2,CHI - Lincoln Square,1400,,2000,1,257,172,Active,November-13-2021 12:00 PM,November-13-2021 04:00 PM,http://www.redfin.com/IL/Chicago/1964-W-Foster-Ave-60640/unit-C/home/12561265,MRED,11267860,N,Y,41.9762469,-87.6789547
MLS Listing,,Vacant Land,6509 S Sangamon St,Chicago,IL,60621,34900,,,CHI - Englewood,,3049,,1,,,Active,,,http://www.redfin.com/IL/Chicago/6509-S-Sangamon-St-60621/home/13933861,MRED,11267859,N,Y,41.7757319,-87.6481125
MLS Listing,,Condo/Co-op,1305 S Michigan Ave #1711,Chicago,IL,60605,294000,1,1,CHI - Near South Side,880,,2004,1,334,391,Active,,,http://www.redfin.com/IL/Chicago/1305-S-Michigan-Ave-60605/unit-1711/home/18920604,MRED,11267848,N,Y,41.8654091,-87.6236899
MLS Listing,,Single Family Residential,4431 N Sacramento Ave,Chicago,IL,60625,725000,4,1.5,CHI - Albany Park,,,1915,1,,,Active,November-13-2021 11:00 AM,November-13-2021 02:00 PM,http://www.redfin.com/IL/Chicago/4431-N-Sacramento-Ave-60625/home/13489727,MRED,11262056,N,Y,41.9621586,-87.7031169
MLS Listing,,Single Family Residential,1105 N Homan,Chicago,IL,60651,260000,4,2,Humboldt Park,1285,5250,1885,1,202,,Active,,,http://www.redfin.com/IL/Chicago/1105-N-Homan-Ave-60651/home/22909482,GNIAR,504049,N,Y,41.9010713,-87.7114479
MLS Listing,,Single Family Residential,1532 E 76th Pl,Chicago,IL,60619,289900,4,3,CHI - South Shore,2000,3123,1903,1,145,,Active,,,http://www.redfin.com/IL/Chicago/1532-E-76th-Pl-60619/home/13920312,MRED,11267836,N,Y,41.7562088,-87.5869831
MLS Listing,,Single Family Residential,7923 S Indiana Ave,Chicago,IL,60619,190000,4,1,CHI - Chatham,1050,4752,1925,1,181,,Active,,,http://www.redfin.com/IL/Chicago/7923-S-Indiana-Ave-60619/home/13226346,MRED,11267837,N,Y,41.7503155,-87.61939
MLS Listing,,Condo/Co-op,2501 W Bryn Mawr Ave #207,Chicago,IL,60659,232000,2,1,CHI - Lincoln Square,782,,1957,1,297,182,Active,,,http://www.redfin.com/IL/Chicago/2501-W-Bryn-Mawr-Ave-60659/unit-207/home/26804524,MRED,11267835,N,Y,41.9828612,-87.6922792
MLS Listing,,Single Family Residential,6917 S King Dr,Chicago,IL,60637,314900,5,3,CHI - Greater Grand Crossing,2628,3101,1912,1,120,,Active,,,http://www.redfin.com/IL/Chicago/6917-S-King-Dr-60637/home/13928400,MRED,11267824,N,Y,41.7687987,-87.6150704
MLS Listing,,Single Family Residential,1050 N Lorel Ave,Chicago,IL,60651,312500,4,2,CHI - Austin,1525,4665,1910,1,205,,Active,,,http://www.redfin.com/IL/Chicago/1050-N-Lorel-Ave-60651/home/13279524,MRED,11267823,N,Y,41.900061,-87.7597848
MLS Listing,,Single Family Residential,5125 W 64th St,Chicago,IL,60638,319900,3,2,CHI - Clearing,1700,,1946,1,188,,Active,,,http://www.redfin.com/IL/Chicago/5125-W-64th-St-60638/home/13995248,MRED,11267822,N,Y,41.7758277,-87.7502105
MLS Listing,,Condo/Co-op,3617 N Marshfield Ave Unit 2F,Chicago,IL,60613,465000,3,2,CHI - Lake View,,,1888,1,,125,Active,November-13-2021 12:30 PM,November-13-2021 02:30 PM,http://www.redfin.com/IL/Chicago/3617-N-Marshfield-Ave-60613/unit-2F/home/13176558,MRED,11267807,N,Y,41.9475794,-87.6697389
MLS Listing,,Multi-Family (2-4 Unit),5641 S Morgan St,Chicago,IL,60621,195900,6,2,CHI - Englewood,,,,1,,,Active,,,http://www.redfin.com/IL/Chicago/5641-S-Morgan-St-60621/home/13940901,MRED,11267801,N,Y,41.7912217,-87.6496927
MLS Listing,,Multi-Family (2-4 Unit),1336 N Dean St,Chicago,IL,60622,1695000,8,7,CHI - West Town,,,1997,1,,,Active,,,http://www.redfin.com/IL/Chicago/1336-N-Dean-St-60622/unit-3/home/14107880,MRED,11267790,N,Y,41.9065753,-87.6702956
MLS Listing,,Single Family Residential,3830 W 64th St,Chicago,IL,60629,319000,4,2,CHI - West Lawn,2685,3101,1944,1,119,,Active,November-13-2021 12:00 PM,November-13-2021 03:00 PM,http://www.redfin.com/IL/Chicago/3830-W-64th-St-60629/home/13990642,MRED,11255189,N,Y,41.7770807,-87.7190307
MLS Listing,,Condo/Co-op,4800 S Chicago Beach Dr Unit 214N,Chicago,IL,60615,125000,1,1,Newport Condominiums,773,,1962,1,162,595,Active,,,http://www.redfin.com/IL/Chicago/4800-S-Chicago-Beach-Dr-60615/unit-214N/home/13947356,MRED,11267785,N,Y,41.8064982,-87.5866451
MLS Listing,,Single Family Residential,6722 W 64th St,Chicago,IL,60638,369900,4,2,CHI - Clearing,,3628,1959,1,,,Active,,,http://www.redfin.com/IL/Chicago/6722-W-64th-St-60638/home/13996984,MRED,11267782,N,Y,41.7759267,-87.7894562
MLS Listing,,Single Family Residential,446 W 107th St W,Chicago,IL,60628,179900,3,1.5,CHI - Roseland,1300,,,1,138,,Active,,,http://www.redfin.com/IL/Chicago/446-W-107th-St-60628/home/13078431,MRED,11267781,N,Y,41.6999366,-87.6349294
MLS Listing,,Vacant Land,3522 W Fulton Blvd,Chicago,IL,60624,150000,,,CHI - East Garfield Park,,3920,,1,,,Active,,,http://www.redfin.com/IL/Chicago/3522-W-Fulton-Blvd-60624/home/148044203,MRED,11267778,N,Y,41.8866412,-87.7145646
MLS Listing,,Multi-Family (2-4 Unit),3127 N Elston Ave,Chicago,IL,60618,579900,4,2,CHI - Avondale,,3049,1913,1,,,Active,,,http://www.redfin.com/IL/Chicago/3127-N-Elston-Ave-60618/home/13451068,MRED,11267780,N,Y,41.9380975,-87.6960043
MLS Listing,,Single Family Residential,5916 W 60th St,Chicago,IL,60638,275000,3,2,CHI - Clearing,1094,4051,1956,1,251,,Active,,,http://www.redfin.com/IL/Chicago/5916-W-60th-St-60638/home/14000917,MRED,11267775,N,Y,41.7836315,-87.7700106
MLS Listing,,Single Family Residential,6428 W Raven St,Chicago,IL,60631,400000,4,2.5,CHI - Norwood Park,2346,3402,1942,1,171,,Active,,,http://www.redfin.com/IL/Chicago/6428-W-Raven-St-60631/home/13507407,MRED,11267768,N,Y,41.9939399,-87.7885725
MLS Listing,,Condo/Co-op,70 W Huron St #2005,Chicago,IL,60654,250000,1,1,CHI - Near North Side,850,,1985,1,294,575,Active,,,http://www.redfin.com/IL/Chicago/70-W-Huron-St-60654/unit-2005/home/14101295,MRED,11267765,N,Y,41.8953693,-87.6309007
MLS Listing,,Condo/Co-op,1014 N Larrabee St Unit 3N,Chicago,IL,60610,599900,3,2,River North,,,2015,1,,235,Active,November-13-2021 12:00 PM,November-13-2021 02:00 PM,http://www.redfin.com/IL/Chicago/1014-N-Larrabee-St-60610/unit-3N/home/144509969,MRED,11267762,N,Y,41.9009161,-87.6434099
MLS Listing,,Condo/Co-op,2515 W Augusta Blvd Unit 2N,Chicago,IL,60622,254999,2,1,Ukrainian Village,950,,,1,268,200,Active,,,http://www.redfin.com/IL/Chicago/2515-W-Augusta-Blvd-60622/unit-2N/home/18942867,MRED,11267758,N,Y,41.8991541,-87.6900933
MLS Listing,,Condo/Co-op,1415 N Dearborn St Unit 12A,Chicago,IL,60610,298000,2,2,CHI - Near North Side,1300,,1977,1,229,1180,Active,November-13-2021 11:00 AM,November-13-2021 01:30 PM,http://www.redfin.com/IL/Chicago/1415-N-Dearborn-St-60610/unit-12A/home/14114539,MRED,11267753,N,Y,41.908244,-87.629737
MLS Listing,,Condo/Co-op,2901 S Michigan Ave Unit 903-904,Chicago,IL,60616,112300,1,2,CHI - Douglas,1100,,1969,1,102,446,Active,,,http://www.redfin.com/IL/Chicago/2901-S-Michigan-Ave-60616/unit-903-904/home/177159323,MRED,11267737,N,Y,41.8416685,-87.6226075
MLS Listing,,Condo/Co-op,1530 S State St #721,Chicago,IL,60605,365000,2,2,Dearborn Tower,1370,,2001,1,266,614,Active,November-13-2021 12:30 PM,November-13-2021 02:00 PM,http://www.redfin.com/IL/Chicago/1530-S-State-St-60605/unit-721/home/12713765,MRED,11267736,N,Y,41.8612054,-87.6284311
MLS Listing,,Multi-Family (2-4 Unit),2422 W Winnemac Ave,Chicago,IL,60625,419900,6,3,CHI - Lincoln Square,,,1905,1,,,Active,,,http://www.redfin.com/IL/Chicago/2422-W-Winnemac-Ave-60625/home/13490585,MRED,11267723,N,Y,41.9732,-87.6900651
MLS Listing,,Single Family Residential,5341 W Ferdinand St,Chicago,IL,60644,129500,3,1.5,CHI - Austin,1720,4800,1899,1,75,,Active,,,http://www.redfin.com/IL/Chicago/5341-W-Ferdinand-St-60644/home/13265479,MRED,11267724,N,Y,41.8886989,-87.7595157
MLS Listing,,Multi-Family (2-4 Unit),7930 S Peoria St,Chicago,IL,60620,399000,6,2,CHI - Auburn Gresham,,3920,1910,1,,,Active,,,http://www.redfin.com/IL/Chicago/7930-S-Peoria-St-60620/unit-2/home/13906648,MRED,11267710,N,Y,41.749634,-87.6467636
MLS Listing,,Single Family Residential,1516 W 113th Pl,Chicago,IL,60643,189900,3,1.5,CHI - Morgan Park,,4486,1964,1,,,Active,November-13-2021 01:00 PM,November-13-2021 03:00 PM,http://www.redfin.com/IL/Chicago/1516-W-113th-Pl-60643/home/52646377,MRED,11267696,N,Y,41.687688,-87.660767
MLS Listing,,Townhouse,1001 W Marquette Rd #1,Chicago,IL,60621,20000,4,2,CHI - Englewood,1340,,1972,1,15,,Active,,,http://www.redfin.com/IL/Chicago/1001-W-Marquette-Rd-60621/unit-1/home/13932231,MRED,11267699,N,Y,41.7722001,-87.6496788
MLS Listing,,Townhouse,416 W Grant Pl Unit B,Chicago,IL,60614,899000,3,3,CHI - Lincoln Park,,,1988,1,,861,Active,,,http://www.redfin.com/IL/Chicago/416-W-Grant-Pl-60614/unit-B/home/13350018,MRED,11267686,N,Y,41.9230599,-87.6398442
MLS Listing,,Single Family Residential,3236 N Neenah Ave,Chicago,IL,60634,349700,5,2,CHI - Dunning,,3720,1925,1,,,Active,,,http://www.redfin.com/IL/Chicago/3236-N-Neenah-Ave-60634/home/13467131,MRED,11267691,N,Y,41.9393485,-87.7899941
MLS Listing,,Multi-Family (2-4 Unit),3125 W Palmer Sq,Chicago,IL,60647,1299000,9,4,CHI - Logan Square,,,1892,1,,,Active,,,http://www.redfin.com/IL/Chicago/3125-W-Palmer-Sq-60647/unit-1/home/13418347,MRED,11267677,N,Y,41.920466,-87.706292
MLS Listing,,Condo/Co-op,1943 N Mohawk St #2,Chicago,IL,60614,1250000,3,2.5,CHI - Lincoln Park,1900,,2021,1,658,,Active,,,http://www.redfin.com/IL/Chicago/1943-N-Mohawk-St-60614/unit-2/home/177158706,MRED,11267680,N,Y,41.9177473,-87.6421767
MLS Listing,,Condo/Co-op,1255 S State St #1901,Chicago,IL,60605,330000,2,1,Vision on State,900,,2007,1,367,628,Active,November-13-2021 11:00 AM,November-13-2021 12:30 PM,http://www.redfin.com/IL/Chicago/1255-S-State-St-60605/unit-1901/home/21784695,MRED,11267663,N,Y,41.8661707,-87.6267747
MLS Listing,,Condo/Co-op,260 E Chestnut St #1712,Chicago,IL,60611,330000,2,1,CHI - Near North Side,,,1965,1,,838,Active,,,http://www.redfin.com/IL/Chicago/260-E-Chestnut-St-60611/unit-1712/home/14119700,MRED,11267662,N,Y,41.8986644,-87.6196021
MLS Listing,,Condo/Co-op,1350 W Fullerton Ave #405,Chicago,IL,60614,315000,1,1,Altgeld Club,1049,,1993,1,300,428,Active,November-14-2021 01:00 PM,November-14-2021 03:00 PM,http://www.redfin.com/IL/Chicago/1350-W-Fullerton-Ave-60614/unit-405/home/12771097,MRED,11261303,N,Y,41.9254567,-87.6621903
MLS Listing,,Condo/Co-op,1201 S Prairie Ave #1206,Chicago,IL,60605,534900,2,2,The Grant,1207,,2008,1,443,590,Active,,,http://www.redfin.com/IL/Chicago/1201-S-Prairie-Ave-60605/unit-1206/home/21727686,MRED,11267658,N,Y,41.8671864,-87.6218681
MLS Listing,,Condo/Co-op,500 W Superior St #1411,Chicago,IL,60654,555000,2,2,CHI - Near North Side,1250,,1972,1,444,1062,Active,,,http://www.redfin.com/IL/Chicago/500-W-Superior-St-60654/unit-1411/home/18946192,MRED,11267657,N,Y,41.895951,-87.642196
MLS Listing,,Condo/Co-op,2139 W Roscoe St Unit 3W,Chicago,IL,60618,625000,3,2,CHI - North Center,,,2000,1,,321,Active,November-13-2021 01:00 PM,November-13-2021 03:00 PM,http://www.redfin.com/IL/Chicago/2139-W-Roscoe-St-60618/unit-3W/home/12743303,MRED,11267651,N,Y,41.9429437,-87.682431
MLS Listing,,Condo/Co-op,6007 N Sheridan Rd Unit 8K,Chicago,IL,60660,259900,2,2,CHI - Edgewater,1646,,1969,1,158,713,Active,,,http://www.redfin.com/IL/Chicago/6007-N-Sheridan-Rd-60660/unit-8K/home/13411327,MRED,11263219,N,Y,41.9913121,-87.6547605
MLS Listing,,Townhouse,1549 W Asher St,Chicago,IL,60643,288000,4,2.5,CHI - West Pullman,1970,,2010,1,146,150,Active,,,http://www.redfin.com/IL/Chicago/1549-W-Asher-St-60643/unit-9-D/home/52635771,MRED,11267645,N,Y,41.6707183,-87.6606555
MLS Listing,,Condo/Co-op,260 E Chestnut St #804,Chicago,IL,60611,234900,1,1,Plaza on DeWitt,850,,1965,1,276,723,Active,,,http://www.redfin.com/IL/Chicago/260-E-Chestnut-St-60611/unit-804/home/14118846,MRED,11267647,N,Y,41.8986644,-87.6196021
MLS Listing,,Multi-Family (2-4 Unit),3434 W Potomac Ave,Chicago,IL,60651,500000,7,4.5,CHI - Humboldt Park,,,1914,1,,,Active,,,http://www.redfin.com/IL/Chicago/3434-W-Potomac-Ave-60651/home/13285225,MRED,11267646,N,Y,41.9048055,-87.7132784
MLS Listing,,Single Family Residential,2163 W Leland Ave,Chicago,IL,60625,750000,3,1.5,CHI - Lincoln Square,1642,2282,1891,1,457,,Active,November-13-2021 01:00 PM,November-13-2021 03:00 PM,http://www.redfin.com/IL/Chicago/2163-W-Leland-Ave-60625/home/13391425,MRED,11267638,N,Y,41.9665972,-87.6832061
MLS Listing,,Condo/Co-op,2027 N California Ave Unit E2,Chicago,IL,60647,269000,1,1,Logan Square,,,1904,1,,224,Active,,,http://www.redfin.com/IL/Chicago/2027-N-California-Ave-60647/unit-E2/home/12593987,MRED,11264499,N,Y,41.9184611,-87.697038
MLS Listing,,Single Family Residential,7022 W 64th St,Chicago,IL,60638,560000,5,3.5,CHI - Clearing,3100,3659,1965,1,181,,Active,,,http://www.redfin.com/IL/Chicago/7022-W-64th-St-60638/home/13996878,MRED,11267624,N,Y,41.7758356,-87.796871
MLS Listing,,Single Family Residential,1242 N Damen Ave,Chicago,IL,60622,899900,3,3,CHI - West Town,2760,2657,1895,1,326,,Active,,,http://www.redfin.com/IL/Chicago/1242-N-Damen-Ave-60622/home/14107566,MRED,11267614,N,Y,41.904517,-87.6775489
MLS Listing,,Condo/Co-op,2430 N Lakeview Ave Unit 11-12N,Chicago,IL,60614,2400000,5,4.5,CHI - Lincoln Park,5600,,1927,1,429,11471,Active,,,http://www.redfin.com/IL/Chicago/2430-N-Lakeview-Ave-60614/unit-11-12N/home/49882143,MRED,11267610,N,Y,41.9264053,-87.6394718
MLS Listing,,Multi-Family (2-4 Unit),2102 W Roscoe St,Chicago,IL,60618,539000,6,3,CHI - North Center,,,1886,1,,,Active,,,http://www.redfin.com/IL/Chicago/2102-W-Roscoe-St-60618/unit-3/home/13385935,MRED,11267607,N,Y,41.943475,-87.681149
MLS Listing,,Condo/Co-op,345 W Fullerton Pkwy #2905,Chicago,IL,60614,450000,2,2,CHI - Lincoln Park,,,1972,1,,908,Active,,,http://www.redfin.com/IL/Chicago/345-W-Fullerton-Pkwy-60614/unit-2905/home/13350030,MRED,11177380,N,Y,41.9255129,-87.6385936
MLS Listing,,Multi-Family (2-4 Unit),3048 N Luna Ave,Chicago,IL,60641,379000,6,3,CHI - Belmont Cragin,,3484,1928,1,,,Active,November-13-2021 11:00 AM,November-13-2021 01:00 PM,http://www.redfin.com/IL/Chicago/3048-N-Luna-Ave-60641/home/13442971,MRED,11267596,N,Y,41.9363968,-87.7654746
MLS Listing,,Single Family Residential,13138 S Vernon Ave,Chicago,IL,60827,80000,2,1.5,Golden Gates,1440,,1969,1,56,,Active,,,http://www.redfin.com/IL/Chicago/13138-S-Vernon-Ave-60827/home/13045311,MRED,11267594,N,Y,41.6565794,-87.611869
MLS Listing,,Single Family Residential,7244 W Everell Ave,Chicago,IL,60631,895000,5,3.5,CHI - Norwood Park,4000,4125,2020,1,224,,Active,,,http://www.redfin.com/IL/Chicago/7244-W-Everell-Ave-60631/home/13565397,MRED,11196895,N,Y,41.9928917,-87.8086247
MLS Listing,,Condo/Co-op,4061 N Sheridan Rd #3,Chicago,IL,60613,469900,3,2,CHI - Uptown,1609,,1906,1,292,361,Active,November-12-2021 05:00 PM,November-12-2021 06:30 PM,http://www.redfin.com/IL/Chicago/4061-N-Sheridan-Rd-60613/unit-3/home/13392139,MRED,11265933,N,Y,41.9562359,-87.654221
MLS Listing,,Single Family Residential,5514 S Kostner Ave,Chicago,IL,60629,250000,5,3,CHI - West Elsdon,1249,,1925,1,200,,Active,,,http://www.redfin.com/IL/Chicago/5514-S-Kostner-Ave-60629/home/14007370,MRED,11267568,N,Y,41.7925894,-87.7332569
MLS Listing,,Multi-Family (2-4 Unit),3110 N Oak Park Ave,Chicago,IL,60634,479000,5,3,CHI - Montclare,,,,1,,,Active,,,http://www.redfin.com/IL/Chicago/3110-N-Oak-Park-Ave-60634/home/13435835,MRED,11267570,N,Y,41.9367128,-87.7959491
MLS Listing,,Single Family Residential,5140 S Rutherford Ave,Chicago,IL,60638,599900,5,3.5,CHI - Garfield Ridge,2885,,1959,1,208,,Active,November-14-2021 12:00 PM,November-14-2021 02:00 PM,http://www.redfin.com/IL/Chicago/5140-S-Rutherford-Ave-60638/home/14029747,MRED,11267574,N,Y,41.7983528,-87.7908298
MLS Listing,,Condo/Co-op,2546 W Haddon Ave #1,Chicago,IL,60622,400000,2,2.5,CHI - West Town,,,2013,1,,240,Active,November-13-2021 01:30 PM,November-13-2021 03:00 PM,http://www.redfin.com/IL/Chicago/2546-W-Haddon-Ave-60622/unit-1/home/113096007,MRED,11266396,N,Y,41.9022356,-87.6912973
MLS Listing,,Vacant Land,2816 W Van Buren St,Chicago,IL,60612,145000,,,CHI - East Garfield Park,,,,1,,,Active,,,http://www.redfin.com/IL/Chicago/2816-W-Van-Buren-St-60612/home/17557579,MRED,11267558,N,Y,41.87623,-87.696876
MLS Listing,,Condo/Co-op,2116 N Halsted St #2,Chicago,IL,60614,1075000,4,3.5,CHI - Lincoln Park,2700,,2008,1,398,200,Active,November-14-2021 12:00 PM,November-14-2021 01:30 PM,http://www.redfin.com/IL/Chicago/2116-N-Halsted-St-60614/unit-2/home/40376958,MRED,11267551,N,Y,41.9205285,-87.6488155
MLS Listing,,Condo/Co-op,30 W Oak St Unit 7A,Chicago,IL,60610,2349500,3,3.5,CHI - Near North Side,3349,,2007,1,702,2792,Active,,,http://www.redfin.com/IL/Chicago/30-W-Oak-St-60610/unit-7A/home/18924584,MRED,11267550,N,Y,41.9008046,-87.6294752
Redfin Data,,Single Family Residential,2935 N Merrimac Ave,Chicago,IL,60634,245900,2,1,Chicago,1050,3720,1923,1,234,,Pre On-Market,,,http://www.redfin.com/IL/Chicago/2935-N-Merrimac-Ave-60634/home/13438133,Coming Soon,78602,N,Y,41.9339238,-87.7818096
Redfin Data,,Multi-Family (2-4 Unit),3904 N Newland Ave,Chicago,IL,60634,425000,4,2,Chicago,2351,3750,1921,1,181,,Pre On-Market,,,http://www.redfin.com/IL/Chicago/3904-N-Newland-Ave-60634/home/13470744,Coming Soon,78600,N,Y,41.9510819,-87.8000978
MLS Listing,,Condo/Co-op,230 E Ontario St #2301,Chicago,IL,60611,186000,1,1,CHI - Near North Side,875,,1969,1,213,778,Active,,,http://www.redfin.com/IL/Chicago/230-E-Ontario-St-60611/unit-2301/home/14097034,MRED,11267532,N,Y,41.8936581,-87.6212229
MLS Listing,,Vacant Land,314 S California Ave,Chicago,IL,60612,145000,,,CHI - East Garfield Park,,,,1,,,Active,,,http://www.redfin.com/IL/Chicago/314-S-California-Ave-60612/home/65624157,MRED,11267531,N,Y,41.876895,-87.69653
MLS Listing,,Condo/Co-op,440 N Wabash Ave #4911,Chicago,IL,60611,295000,1,1,Plaza 440 Private Residences,807,,1992,1,366,525,Active,,,http://www.redfin.com/IL/Chicago/440-N-Wabash-Ave-60611/unit-4911/home/12599436,MRED,11267527,N,Y,41.8903291,-87.6269895
MLS Listing,,Multi-Family (2-4 Unit),8339 S Marquette Ave,Chicago,IL,60649,305000,6,2,CHI - South Chicago,,,1928,1,,,Active,,,http://www.redfin.com/IL/Chicago/8339-S-Marquette-Ave-60617/home/13214328,MRED,11267521,N,Y,41.7433867,-87.5584732
MLS Listing,,Townhouse,6334 S Lockwood Ave,Chicago,IL,60638,244900,3,2,CHI - Clearing,988,,1946,1,248,,Active,,,http://www.redfin.com/IL/Chicago/6334-S-Lockwood-Ave-60638/home/13995484,MRED,11267525,N,Y,41.777233,-87.754677
MLS Listing,,Single Family Residential,8617 S Lowe Ave,Chicago,IL,60620,189500,5,2,CHI - Auburn Gresham,2518,4656,1910,1,75,,Active,,,http://www.redfin.com/IL/Chicago/8617-S-Lowe-Ave-60620/home/13225542,MRED,11267513,N,Y,41.7372872,-87.6397868
MLS Listing,,Multi-Family (2-4 Unit),7633 S Cornell Ave,Chicago,IL,60649,275000,4,2,CHI - South Shore,,,1924,1,,,Active,,,http://www.redfin.com/IL/Chicago/7633-S-Cornell-Ave-60649/home/13924018,MRED,11267509,N,Y,41.7559579,-87.5842815
MLS Listing,,Condo/Co-op,655 W Irving Park Rd #314,Chicago,IL,60613,200000,2,1,CHI - Lake View,849,,1975,1,236,592,Active,,,http://www.redfin.com/IL/Chicago/655-W-Irving-Park-Rd-60613/unit-314/home/12667400,MRED,11267504,N,Y,41.9543355,-87.6469625
MLS Listing,,Single Family Residential,7606 S Paulina St,Chicago,IL,60620,239900,5,2,CHI - Auburn Gresham,1056,3750,1940,1,227,,Active,November-13-2021 11:00 AM,November-13-2021 02:00 PM,http://www.redfin.com/IL/Chicago/7606-S-Paulina-St-60620/home/13911000,MRED,11267507,N,Y,41.7554716,-87.6663006
MLS Listing,,Condo/Co-op,2506 W Hollywood Ave #1,Chicago,IL,60659,149900,1,1,CHI - West Ridge,900,,1931,1,167,245,Active,,,http://www.redfin.com/IL/Chicago/2506-W-Hollywood-Ave-60659/unit-1/home/12707235,MRED,11267493,N,Y,41.9851158,-87.6923755
MLS Listing,,Single Family Residential,8011 S Emerald Ave,Chicago,IL,60620,164900,3,1,CHI - Auburn Gresham,900,3123,1967,1,183,,Active,,,http://www.redfin.com/IL/Chicago/8011-S-Emerald-Ave-60620/home/13227403,MRED,11267497,N,Y,41.74846,-87.6425622
MLS Listing,,Vacant Land,324 S California Ave,Chicago,IL,60612,255000,,,CHI - East Garfield Park,,3049,,1,,,Active,,,http://www.redfin.com/IL/Chicago/324-S-California-Ave-60612/home/146335765,MRED,11267494,N,Y,41.8766192,-87.696523
MLS Listing,,Condo/Co-op,41 E 8th St #1207,Chicago,IL,60605,395000,2,2,CHI - Loop,1300,,2003,1,304,740,Active,November-13-2021 01:00 PM,November-13-2021 03:00 PM,http://www.redfin.com/IL/Chicago/41-E-8th-St-60605/unit-1207/home/12680447,MRED,11262220,N,Y,41.8717102,-87.6263215
MLS Listing,,Vacant Land,4507 N Kedzie Ave N,Chicago,IL,60625,3800000,,,CHI - Albany Park,,27442,,1,,,Active,,,http://www.redfin.com/IL/Chicago/4507-N-Kedzie-Ave-60625/home/170017474,MRED,11267477,N,Y,41.9633998,-87.7081017
MLS Listing,,Single Family Residential,6458 S Lamon Ave,Chicago,IL,60638,339900,3,2,CHI - Clearing,1198,3654,1989,1,284,,Active,,,http://www.redfin.com/IL/Chicago/6458-S-Lamon-Ave-60638/home/13994349,MRED,11267472,N,Y,41.7748401,-87.7448938
MLS Listing,,Condo/Co-op,811 W Eastwood Ave #401,Chicago,IL,60640,249900,2,2,CHI - Uptown,1088,,1917,1,230,403,Active,November-13-2021 02:00 PM,November-13-2021 04:00 PM,http://www.redfin.com/IL/Chicago/811-W-Eastwood-Ave-60640/unit-401/home/12621855,MRED,11267468,N,Y,41.9661377,-87.6506559
MLS Listing,,Single Family Residential,2717 W Jarvis Ave,Chicago,IL,60645,410000,3,1.5,CHI - West Ridge,1581,3720,1952,1,259,,Active,,,http://www.redfin.com/IL/Chicago/2717-W-Jarvis-Ave-60645/home/13601981,MRED,11267460,N,Y,42.015528,-87.6980248
MLS Listing,,Condo/Co-op,655 W Irving Park Rd #3817,Chicago,IL,60613,249000,1,1,CHI - Lake View,840,,1973,1,296,650,Active,,,http://www.redfin.com/IL/Chicago/655-W-Irving-Park-Rd-60613/unit-3817/home/12683125,MRED,11267451,N,Y,41.9543355,-87.6469625
MLS Listing,,Multi-Family (2-4 Unit),1246 W Ohio St,Chicago,IL,60642,950000,9,6,CHI - West Town,,,1890,1,,,Active,,,http://www.redfin.com/IL/Chicago/1246-W-Ohio-St-60642/home/14102983,MRED,11267449,N,Y,41.8927037,-87.6592401
MLS Listing,,Condo/Co-op,401 E Ontario St #4204,Chicago,IL,60611,305000,1,1,CHI - Near North Side,775,,1990,1,394,657,Active,,,http://www.redfin.com/IL/Chicago/401-E-Ontario-St-60611/unit-4204/home/12765469,MRED,11267454,N,Y,41.893214,-87.6169215
MLS Listing,,Multi-Family (2-4 Unit),3240 W Polk St,Chicago,IL,60624,259000,8,3,CHI - East Garfield Park,,3049,1903,1,,,Active,,,http://www.redfin.com/IL/Chicago/3240-W-Polk-St-60624/home/13257462,MRED,11267445,N,Y,41.871206,-87.707439
MLS Listing,,Single Family Residential,10633 S Vernon Ave S,Chicago,IL,60628,254900,3,2,CHI - Roseland,1500,3781,1949,1,170,,Active,,,http://www.redfin.com/IL/Chicago/10633-S-Vernon-Ave-60628/home/13079720,MRED,11267440,N,Y,41.7008671,-87.612139
MLS Listing,,Condo/Co-op,4435 S Oakenwald Ave #4,Chicago,IL,60653,659000,3,2,CHI - Kenwood,3400,,2005,1,194,328,Active,,,http://www.redfin.com/IL/Chicago/4435-S-Oakenwald-Ave-60653/unit-4/home/18916778,MRED,11267434,N,Y,41.8144449,-87.5954343
MLS Listing,,Condo/Co-op,1542 W Diversey Pkwy #2,Chicago,IL,60614,369000,2,2,CHI - Lake View,1200,,1997,1,308,173,Active,November-13-2021 01:00 PM,November-13-2021 03:00 PM,http://www.redfin.com/IL/Chicago/1542-W-Diversey-Pkwy-60614/unit-2/home/13363715,MRED,11267426,N,Y,41.932608,-87.6676001
MLS Listing,,Condo/Co-op,1030 N State St Unit 52H,Chicago,IL,60610,595000,2,2,CHI - Near North Side,1500,,1970,1,397,1035,Active,,,http://www.redfin.com/IL/Chicago/1030-N-State-St-60610/unit-52H/home/14110795,MRED,11267423,N,Y,41.9015297,-87.6286369
MLS Listing,,Condo/Co-op,1408 W Catalpa Ave #1,Chicago,IL,60640,299000,2,1,CHI - Edgewater,,,1915,1,,325,Active,November-13-2021 11:00 AM,November-13-2021 12:30 PM,http://www.redfin.com/IL/Chicago/1408-W-Catalpa-Ave-60640/unit-1/home/40375280,MRED,11267430,N,Y,41.9818863,-87.6652194
MLS Listing,,Multi-Family (2-4 Unit),5111 S Union Ave,Chicago,IL,60609,150000,7,2,CHI - New City,,,1896,1,,,Active,,,http://www.redfin.com/IL/Chicago/5111-S-Union-Ave-60609/home/13951930,MRED,11267429,N,Y,41.8012227,-87.6426875
MLS Listing,,Condo/Co-op,5455 N Sheridan Rd #405,Chicago,IL,60640,105000,0,1,CHI - Edgewater,600,,1972,1,175,363,Active,,,http://www.redfin.com/IL/Chicago/5455-N-Sheridan-Rd-60640/unit-405/home/13400763,MRED,11267420,N,Y,41.9817637,-87.6547271
MLS Listing,,Condo/Co-op,1402 W North Shore Ave Unit 1E,Chicago,IL,60626,199900,2,1.5,CHI - Rogers Park,,,1958,1,,345,Active,November-14-2021 01:00 PM,November-14-2021 03:00 PM,http://www.redfin.com/IL/Chicago/1402-W-North-Shore-Ave-60626/unit-1E/home/13083684,MRED,11267411,N,Y,42.0037815,-87.6660856
MLS Listing,,Single Family Residential,5808 S Newcastle Ave,Chicago,IL,60638,269900,3,2,CHI - Garfield Ridge,1004,4159,1956,1,269,,Active,,,http://www.redfin.com/IL/Chicago/5808-S-Newcastle-Ave-60638/home/13999419,MRED,11267404,N,Y,41.7863631,-87.7928757
MLS Listing,,Condo/Co-op,1655 N Humboldt Blvd Unit 1R,Chicago,IL,60647,227000,2,1,CHI - West Town,,,,1,,155,Active,,,http://www.redfin.com/IL/Chicago/1655-N-Humboldt-Blvd-60647/unit-1R/home/167550027,MRED,11267400,N,Y,41.9118514,-87.7012691
MLS Listing,,Condo/Co-op,1728 N Wilmot Ave Unit 1W,Chicago,IL,60647,530000,3,2.5,CHI - West Town,1734,,,1,306,253,Active,,,http://www.redfin.com/IL/Chicago/1728-N-Wilmot-Ave-60647/unit-1W/home/12608750,MRED,11267396,N,Y,41.9129858,-87.6803263
MLS Listing,,Single Family Residential,2713 N Campbell Ave,Chicago,IL,60647,1400000,5,3.5,CHI - Logan Square,,3149,2021,1,,,Active,,,http://www.redfin.com/IL/Chicago/2713-N-Campbell-Ave-60647/home/13449888,MRED,11267385,N,Y,41.9308006,-87.6899817
MLS Listing,,Single Family Residential,2727 N Moody Ave,Chicago,IL,60639,265000,4,2,CHI - Belmont Cragin,800,4216,1949,1,331,,Active,,,http://www.redfin.com/IL/Chicago/2727-N-Moody-Ave-60639/home/12556780,MRED,11267387,N,Y,41.9301178,-87.7792733
MLS Listing,,Condo/Co-op,4518 W Wellington Ave Unit 4518-2,Chicago,IL,60641,149900,2,1,CHI - Hermosa,875,,1928,1,171,178,Active,,,http://www.redfin.com/IL/Chicago/4518-W-Wellington-Ave-60641/unit-4518-2/home/177156641,MRED,11267388,N,Y,41.9354449,-87.7402407
MLS Listing,,Condo/Co-op,1550 N Clark St #302,Chicago,IL,60610,1500000,2,2.5,CHI - Near North Side,2477,,2020,1,606,1516,Active,,,http://www.redfin.com/IL/Chicago/1550-N-Clark-St-60610/unit-302/home/147616649,MRED,11267393,N,Y,41.9109282,-87.6319169
MLS Listing,,Single Family Residential,2640 N Hamlin Ave,Chicago,IL,60647,415000,5,2,CHI - Logan Square,1907,,1903,1,218,,Active,November-13-2021 11:00 AM,November-13-2021 12:30 PM,http://www.redfin.com/IL/Chicago/2640-N-Hamlin-Ave-60647/home/13447955,MRED,11266110,N,Y,41.9294691,-87.7222449
MLS Listing,,Single Family Residential,2418 N Campbell Ave,Chicago,IL,60647,1450000,5,3.5,CHI - Logan Square,,,2021,1,,,Active,,,http://www.redfin.com/IL/Chicago/2418-N-Campbell-Ave-60647/home/13450552,MRED,11267380,N,Y,41.9255419,-87.6903732
MLS Listing,,Condo/Co-op,70 W Burton Pl Unit 1801F,Chicago,IL,60610,209900,1,1,CHI - Near North Side,750,,1967,1,280,667,Active,,,http://www.redfin.com/IL/Chicago/70-W-Burton-Pl-60610/unit-1801F/home/14114116,MRED,11267382,N,Y,41.9096149,-87.63123
MLS Listing,,Multi-Family (2-4 Unit),7950 S Marshfield Ave,Chicago,IL,60620,310000,4,2,Gresham,,3920,1919,1,,,Active,,,http://www.redfin.com/IL/Chicago/7950-S-Marshfield-Ave-60620/unit-1/home/13908569,MRED,11267370,N,Y,41.7488357,-87.6648366
MLS Listing,,Condo/Co-op,815 W Superior St #3,Chicago,IL,60642,449500,2,2,CHI - West Town,1500,,1997,1,300,252,Active,,,http://www.redfin.com/IL/Chicago/815-W-Superior-St-60642/unit-3/home/12725052,MRED,11267372,N,Y,41.8953049,-87.6485231
MLS Listing,,Single Family Residential,5436 S Keeler Ave,Chicago,IL,60632,240000,2,1,CHI - West Elsdon,1116,5039,1944,1,215,,Active,November-13-2021 12:00 PM,November-13-2021 03:00 PM,http://www.redfin.com/IL/Chicago/5436-S-Keeler-Ave-60632/home/14021547,MRED,11267374,N,Y,41.7938857,-87.7283242
MLS Listing,,Single Family Residential,4922 W Walton St,Chicago,IL,60651,325000,4,2.5,CHI - Austin,1700,,1916,1,191,,Active,,,http://www.redfin.com/IL/Chicago/4922-W-Walton-St-60651/home/13278793,MRED,11267359,N,Y,41.897981,-87.749323
MLS Listing,,Single Family Residential,4848 W Berteau Ave,Chicago,IL,60641,799900,6,4,CHI - Portage Park,4231,6250,1936,1,189,,Active,,,http://www.redfin.com/IL/Chicago/4848-W-Berteau-Ave-60641/home/13478019,MRED,11267337,N,Y,41.9572653,-87.7494029
MLS Listing,,Condo/Co-op,3550 N Lake Shore Dr #1821,Chicago,IL,60657,179900,1,1,CHI - Lake View,873,,1962,1,206,572,Active,,,http://www.redfin.com/IL/Chicago/3550-N-Lake-Shore-Dr-60657/unit-1821/home/13378889,MRED,11267322,N,Y,41.9480112,-87.6438535
MLS Listing,,Condo/Co-op,2545 S Dearborn St #404,Chicago,IL,60616,310000,2,2,Opera Lofts,1102,,1909,1,281,305,Active,November-13-2021 11:00 AM,November-13-2021 01:00 PM,http://www.redfin.com/IL/Chicago/2545-S-Dearborn-St-60616/unit-404/home/113096965,MRED,11267316,N,Y,41.8464499,-87.6278148
MLS Listing,,Multi-Family (2-4 Unit),1119 W North Shore Ave,Chicago,IL,60626,1200000,9,6,Loyola Park,,5662,1915,1,,,Active,,,http://www.redfin.com/IL/Chicago/1119-W-North-Shore-Ave-60626/home/13567639,MRED,11267341,N,Y,42.0035351,-87.6591827
MLS Listing,,Single Family Residential,7349 S Winchester Ave,Chicago,IL,60636,249900,3,2,CHI - West Englewood,933,4164,1925,1,268,,Active,,,http://www.redfin.com/IL/Chicago/7349-S-Winchester-Ave-60636/home/13910099,MRED,11267338,N,Y,41.7597819,-87.6719251
MLS Listing,,Condo/Co-op,846 N Wolcott Ave Unit 2E,Chicago,IL,60622,299900,2,1,CHI - West Town,,,,1,,115,Active,,,http://www.redfin.com/IL/Chicago/846-N-Wolcott-Ave-60622/unit-2E/home/26812753,MRED,11267325,N,Y,41.897305,-87.6749213
MLS Listing,,Condo/Co-op,2916 N Pine Grove Ave #2,Chicago,IL,60657,275000,1,1,CHI - Lake View,985,,1917,1,279,387,Active,,,http://www.redfin.com/IL/Chicago/2916-N-Pine-Grove-Ave-60657/unit-2/home/13371016,MRED,11267333,N,Y,41.934641,-87.642094
MLS Listing,,Single Family Residential,3034 W Jarvis Ave,Chicago,IL,60645,559770,4,2.5,CHI - West Ridge,2443,3720,,1,229,,Active,,,http://www.redfin.com/IL/Chicago/3034-W-Jarvis-Ave-60645/home/13602892,MRED,11267324,N,Y,42.0157616,-87.7058114
MLS Listing,,Condo/Co-op,212 W Washington St #1108,Chicago,IL,60606,299000,2,2,CHI - Loop,,,1913,1,,996,Active,,,http://www.redfin.com/IL/Chicago/212-W-Washington-St-60606/unit-1108/home/113098346,MRED,11267318,N,Y,41.8833756,-87.634418
MLS Listing,,Single Family Residential,10003 S Saint Lawrence Ave,Chicago,IL,60628,119900,4,2,CHI - Roseland,1050,3750,1948,1,114,,Active,,,http://www.redfin.com/IL/Chicago/10003-S-St-Lawrence-Ave-60628/home/13086481,MRED,11267315,N,Y,41.7126597,-87.6087831
MLS Listing,,Single Family Residential,4225 N Monticello Ave,Chicago,IL,60618,449000,3,2,CHI - Irving Park,,,1906,1,,,Active,,,http://www.redfin.com/IL/Chicago/4225-N-Monticello-Ave-60618/home/13483668,MRED,11267320,N,Y,41.9582138,-87.7188971
MLS Listing,,Parking,125 S Jefferson St Unit P53,Chicago,IL,60661,35000,,,Park Alexandria,,,2004,1,,86,Active,,,http://www.redfin.com/IL/Chicago/125-S-Jefferson-St-60661/unit-P-53/home/12686879,MRED,11267330,N,Y,41.879941,-87.6421575
MLS Listing,,Vacant Land,4165 S Halsted St,Chicago,IL,60609,2150000,,,CHI - New City,,,,1,,,Active,,,http://www.redfin.com/IL/Chicago/4165-S-Halsted-St-60609/home/147726301,MRED,11267329,N,Y,41.8184778,-87.645679
MLS Listing,,Parking,125 S Jefferson St Unit P19,Chicago,IL,60661,35000,,,Park Alexandria,,,2004,1,,87,Active,,,http://www.redfin.com/IL/Chicago/125-S-Jefferson-St-60661/unit-P-19/home/12686607,MRED,11267327,N,Y,41.879941,-87.6421575
MLS Listing,,Condo/Co-op,454 N Aberdeen St Unit 1N,Chicago,IL,60642,540000,2,2,CHI - West Town,1600,,2005,1,338,240,Active,November-13-2021 12:00 PM,November-13-2021 02:00 PM,http://www.redfin.com/IL/Chicago/454-N-Aberdeen-St-60642/unit-1N/home/12610574,MRED,11265455,N,Y,41.8904751,-87.6549126
MLS Listing,,Multi-Family (2-4 Unit),6109 S Parkside Ave,Chicago,IL,60638,350000,6,4,CHI - Clearing,,,1910,1,,,Active,November-13-2021 12:00 PM,November-13-2021 03:00 PM,http://www.redfin.com/IL/Chicago/6109-S-Parkside-Ave-60638/home/177156168,MRED,11267302,N,Y,41.7813747,-87.7628145
MLS Listing,,Single Family Residential,8545 S Vernon Ave,Chicago,IL,60619,164900,4,2,CHI - Chatham,1387,6921,1925,1,119,,Active,,,http://www.redfin.com/IL/Chicago/8545-S-Vernon-Ave-60619/home/13223102,MRED,11267310,N,Y,41.7388264,-87.6126019
MLS Listing,,Condo/Co-op,700 N Larrabee St #1608,Chicago,IL,60610,500000,2,2,CHI - Near North Side,,,2005,1,,749,Active,November-14-2021 01:00 PM,November-14-2021 02:30 PM,http://www.redfin.com/IL/Chicago/700-N-Larrabee-St-60654/unit-1608/home/18932582,MRED,11267307,N,Y,41.8947154,-87.6433384
MLS Listing,,Condo/Co-op,234 W Polk St #3501,Chicago,IL,60607,980000,2,2,CHI - Near West Side,,,2023,1,,853,Active,November-20-2021 11:00 AM,November-20-2021 02:00 PM,http://www.redfin.com/IL/Chicago/3501-W-Polk-St-60624/unit-3501/home/177156121,MRED,11267298,N,Y,41.8706934,-87.7133169
MLS Listing,,Condo/Co-op,234 W Polk St #3103,Chicago,IL,60607,850000,2,3,CHI - Near West Side,,,2023,1,,780,Active,November-20-2021 11:00 AM,November-20-2021 02:00 PM,http://www.redfin.com/IL/Chicago/3103-W-Polk-St-60612/unit-3103/home/177156120,MRED,11267296,N,Y,41.8707727,-87.7036558
MLS Listing,,Condo/Co-op,,Chicago,IL,60643,119999,2,1,CHI - Beverly,700,,1960,1,171,140,Active,,,http://www.redfin.com/IL/Chicago/Undisclosed-address-60643/home/12710695,MRED,11267294,N,Y,41.704295,-87.669803
MLS Listing,,Condo/Co-op,2416 W Lyndale St Unit 1E,Chicago,IL,60647,689000,3,2.5,CHI - Logan Square,,,2021,1,,220,Active,,,http://www.redfin.com/IL/Chicago/2416-W-Lyndale-St-60647/unit-1E/home/177156076,MRED,11267283,N,Y,41.9226956,-87.6883632
MLS Listing,,Multi-Family (2-4 Unit),8010 S Exchange Ave,Chicago,IL,60617,525000,8,5,CHI - South Chicago,,,1915,1,,,Active,,,http://www.redfin.com/IL/Chicago/8010-S-Exchange-Ave-60617/unit-2N/home/13214736,MRED,11267279,N,Y,41.749607,-87.55322
MLS Listing,,Condo/Co-op,4300 W Ford City Dr #810,Chicago,IL,60652,39900,2,1.5,CHI - West Lawn,750,,1970,1,53,348,Active,,,http://www.redfin.com/IL/Chicago/4300-W-Ford-City-Dr-60652/unit-810/home/13980623,MRED,11267273,N,Y,41.7539407,-87.7307287
MLS Listing,,Single Family Residential,3818 W 64th Pl,Chicago,IL,60629,359900,6,3,CHI - West Lawn,1747,3720,1948,1,206,,Active,November-13-2021 12:00 PM,November-13-2021 03:00 PM,http://www.redfin.com/IL/Chicago/3818-W-64th-Pl-60629/home/13991900,MRED,11267272,N,Y,41.7761773,-87.7185893
MLS Listing,,Condo/Co-op,1525 W Fry St #2,Chicago,IL,60642,619900,3,2,Wicker Park,,,2014,1,,175,Active,November-13-2021 11:00 AM,November-13-2021 01:00 PM,http://www.redfin.com/IL/Chicago/1525-W-Fry-St-60642/unit-2/home/113097376,MRED,11267267,N,Y,41.8967642,-87.6659539
MLS Listing,,Condo/Co-op,4416 N Ashland Ave Unit 1W,Chicago,IL,60640,209900,2,1,CHI - Uptown,,,1928,1,,296,Active,November-13-2021 12:00 PM,November-13-2021 02:00 PM,http://www.redfin.com/IL/Chicago/4416-N-Ashland-Ave-60640/unit-1W/home/13390211,MRED,11267269,N,Y,41.962139,-87.6697406
MLS Listing,,Condo/Co-op,5133 N Winthrop Ave Unit 1A,Chicago,IL,60640,240000,2,2,CHI - Uptown,1100,,1911,1,218,205,Active,November-13-2021 11:00 AM,November-13-2021 01:00 PM,http://www.redfin.com/IL/Chicago/5133-N-Winthrop-Ave-60640/unit-1A/home/147480346,MRED,11267261,N,Y,41.9761843,-87.657556
MLS Listing,,Condo/Co-op,211 N Harbor Dr #2002,Chicago,IL,60601,1865054,3,2,CHI - Loop,1638,,2021,1,1139,1325,Active,,,http://www.redfin.com/IL/Chicago/211-N-Harbor-Dr-60601/unit-2002/home/177155938,MRED,11267249,N,Y,41.8856379,-87.6154707
MLS Listing,,Condo/Co-op,1224 W Van Buren St #307,Chicago,IL,60607,274900,2,1,CHI - Near West Side,1050,,,1,262,546,Active,November-13-2021 12:00 PM,November-13-2021 02:00 PM,http://www.redfin.com/IL/Chicago/1224-W-Van-Buren-St-60607/unit-307/home/52592861,MRED,11267244,N,Y,41.87678,-87.6582667
MLS Listing,,Condo/Co-op,5050 S East End Ave Unit 12D,Chicago,IL,60615,183000,3,2,CHI - Kenwood,1275,,1956,1,144,1057,Active,,,http://www.redfin.com/IL/Chicago/5050-S-East-End-Ave-60615/unit-12D/home/109469959,MRED,11267223,N,Y,41.8028466,-87.5857262
MLS Listing,,Condo/Co-op,1211 S Prairie Ave #5301,Chicago,IL,60605,1600000,3,3,Museum Park,2924,,2007,1,547,2348,Active,,,http://www.redfin.com/IL/Chicago/1211-S-Prairie-Ave-60605/unit-5301/home/39571329,MRED,11267224,N,Y,41.8667098,-87.6212676
MLS Listing,,Condo/Co-op,3550 N Lake Shore Dr #2011,Chicago,IL,60657,134900,0,1,CHI - Lake View,,,1962,1,,359,Active,,,http://www.redfin.com/IL/Chicago/3550-N-Lake-Shore-Dr-60657/unit-2011/home/13377486,MRED,11267228,N,Y,41.9480112,-87.6438535
MLS Listing,,Condo/Co-op,1720 S Michigan Ave #2303,Chicago,IL,60616,285000,2,1,CHI - Near South Side,,,2005,1,,,Active,November-14-2021 12:00 AM,November-14-2021 02:00 PM,http://www.redfin.com/IL/Chicago/1720-S-Michigan-Ave-60616/unit-2303/home/39572298,MRED,11267229,N,Y,41.8586026,-87.6246153
MLS Listing,,Single Family Residential,4309 N Bernard St,Chicago,IL,60618,889000,4,3.5,CHI - Irving Park,3400,3123,2021,1,261,,Active,November-13-2021 12:00 PM,November-13-2021 02:00 PM,http://www.redfin.com/IL/Chicago/4309-N-Bernard-St-60618/home/13484083,MRED,11267219,N,Y,41.959667,-87.7140867
MLS Listing,,Condo/Co-op,40 E 9th St #1716,Chicago,IL,60605,345000,3,3,CHI - Loop,1900,,1920,1,182,1338,Active,,,http://www.redfin.com/IL/Chicago/40-E-9th-St-60605/unit-1716/home/12647387,MRED,11267218,N,Y,41.8707384,-87.6263891
MLS Listing,,Single Family Residential,3723 W 68th Pl,Chicago,IL,60629,269900,3,2.5,CHI - West Lawn,2022,,1940,1,133,,Active,,,http://www.redfin.com/IL/Chicago/3723-W-68th-Pl-60629/home/13990044,MRED,11267217,N,Y,41.7685541,-87.7161648
MLS Listing,,Condo/Co-op,3660 N Lake Shore Dr #2808,Chicago,IL,60613,289900,1,1,CHI - Lake View,,,1987,1,,489,Active,November-14-2021 11:00 AM,November-14-2021 01:00 PM,http://www.redfin.com/IL/CHICAGO/3660-N-LAKE-SHORE-DR-60613/unit-2808/home/12741830,MRED,11267208,N,Y,41.949563,-87.645861
MLS Listing,,Single Family Residential,3119 W 84th Pl,Chicago,IL,60652,259000,3,2,CHI - Ashburn,1189,4874,1955,1,218,,Active,,,http://www.redfin.com/IL/Chicago/3119-W-84th-Pl-60652/home/13963470,MRED,11267200,N,Y,41.7396133,-87.7000564
MLS Listing,,Condo/Co-op,700 N Larrabee St #1507,Chicago,IL,60654,1250000,3,3,CHI - Near North Side,2456,,2006,1,509,1160,Active,,,http://www.redfin.com/IL/Chicago/700-N-Larrabee-St-60654/unit-1507/home/177155630,MRED,11267194,N,Y,41.8947154,-87.6433384
MLS Listing,,Condo/Co-op,1035 N Dearborn St Unit 8E,Chicago,IL,60610,899000,2,2,Maple Tower,2000,,2006,1,450,1634,Active,November-13-2021 12:30 PM,November-13-2021 02:30 PM,http://www.redfin.com/IL/Chicago/1035-N-Dearborn-St-60610/unit-8E/home/12604205,MRED,11267197,N,Y,41.9016563,-87.6294752
MLS Listing,,Condo/Co-op,1018 N Hermitage Ave #1,Chicago,IL,60622,699900,3,2.5,CHI - West Town,2400,,2004,1,292,265,Active,November-13-2021 11:00 AM,November-13-2021 01:00 PM,http://www.redfin.com/IL/Chicago/1018-N-Hermitage-Ave-60622/unit-1/home/12649825,MRED,11267195,N,Y,41.9002056,-87.6713087
MLS Listing,,Single Family Residential,1637 N Bell Ave,Chicago,IL,60647,1250000,4,3.5,CHI - West Town,,3123,1903,1,,,Active,November-13-2021 11:00 AM,November-13-2021 01:00 PM,http://www.redfin.com/IL/Chicago/1637-N-Bell-Ave-60647/home/13355529,MRED,11267189,N,Y,41.9114584,-87.6833681
MLS Listing,,Condo/Co-op,2048 W Hood Ave Unit 1B,Chicago,IL,60659,149000,2,2,CHI - West Ridge,800,,,1,186,237,Active,,,http://www.redfin.com/IL/Chicago/2048-W-Hood-Ave-60659/unit-1B/home/26807335,MRED,11267184,N,Y,41.99318,-87.6819593
MLS Listing,,Single Family Residential,1006 W Fry St,Chicago,IL,60642,400000,2,2,CHI - West Town,,,1999,1,,,Active,,,http://www.redfin.com/IL/Chicago/1006-W-Fry-St-60642/home/12815496,MRED,11267174,N,Y,41.8975261,-87.6524151
MLS Listing,,Single Family Residential,11320 S Church St,Chicago,IL,60643,175000,4,1.5,CHI - Morgan Park,893,,1972,1,196,,Active,,,http://www.redfin.com/IL/Chicago/11320-S-Church-St-60643/home/13068627,MRED,11250873,N,Y,41.6882593,-87.6675431
MLS Listing,,Townhouse,918 W College Pkwy,Chicago,IL,60608,695000,3,3.5,University Village,2140,,2005,1,325,320,Active,November-13-2021 12:00 PM,November-13-2021 02:00 PM,http://www.redfin.com/IL/Chicago/918-W-College-Pkwy-60608/home/177155535,MRED,11267172,N,Y,41.861504,-87.6495874
MLS Listing,,Condo/Co-op,5455 N Sheridan Rd #1606,Chicago,IL,60640,249900,2,1,CHI - Edgewater,,,1969,1,,666,Active,,,http://www.redfin.com/IL/Chicago/5455-N-Sheridan-Rd-60640/unit-1606/home/13401332,MRED,11267167,N,Y,41.9817637,-87.6547271
MLS Listing,,Multi-Family (2-4 Unit),2710 N Lawndale Ave,Chicago,IL,60647,649900,6,3,CHI - Logan Square,,3484,1907,1,,,Active,,,http://www.redfin.com/IL/Chicago/2710-N-Lawndale-Ave-60647/home/13448131,MRED,11266406,N,Y,41.9304669,-87.7198207
MLS Listing,,Multi-Family (2-4 Unit),321 S Washtenaw Ave,Chicago,IL,60612,819000,6,6,CHI - East Garfield Park,,,2021,1,,,Active,November-14-2021 11:00 AM,November-14-2021 12:30 PM,http://www.redfin.com/IL/Chicago/321-S-Washtenaw-Ave-60612/home/176731361,MRED,11267163,N,Y,41.8767256,-87.6937292
MLS Listing,,Condo/Co-op,3862 S Lake Park Ave Unit 2N,Chicago,IL,60653,347000,3,2,Bronzeville,,,2005,1,,287,Active,,,http://www.redfin.com/IL/Chicago/3862-S-Lake-Park-Ave-60653/unit-2N/home/26822857,MRED,11267156,N,Y,41.8252658,-87.6044247
MLS Listing,,Condo/Co-op,1800 W Grace St #525,Chicago,IL,60613,439900,2,2,CHI - North Center,1212,,2010,1,363,557,Active,,,http://www.redfin.com/IL/Chicago/1800-W-Grace-St-60613/unit-525/home/45507854,MRED,11267154,N,Y,41.950801,-87.6745887
MLS Listing,,Condo/Co-op,4348 N Sacramento Ave #3,Chicago,IL,60618,235000,3,2,CHI - Irving Park,1004,,,1,234,293,Active,,,http://www.redfin.com/IL/Chicago/4348-N-Sacramento-Ave-60618/unit-3/home/12653605,MRED,11267149,N,Y,41.960971,-87.7035668
MLS Listing,,Condo/Co-op,1359 W Fillmore St Unit A,Chicago,IL,60607,349000,2,2,CHI - Near West Side,1240,,1997,1,281,150,Active,,,http://www.redfin.com/IL/Chicago/1359-W-Fillmore-St-60607/unit-A/home/177155332,MRED,11267150,N,Y,41.8683087,-87.6614606
MLS Listing,,Multi-Family (2-4 Unit),5621 N Austin Ave,Chicago,IL,60646,429900,5,3,CHI - Jefferson Park,,3484,1925,1,,,Active,,,http://www.redfin.com/IL/Chicago/5621-N-Austin-Ave-60646/home/13510246,MRED,11267143,N,Y,41.9835543,-87.7776976
MLS Listing,,Condo/Co-op,1400 S Michigan Ave #1207,Chicago,IL,60605,320000,1,1,Michigan Avenue Towers,751,,2008,1,426,371,Active,,,http://www.redfin.com/IL/Chicago/1400-S-Michigan-Ave-60605/unit-1207/home/52638753,MRED,11267144,N,Y,41.863874,-87.62446
MLS Listing,,Condo/Co-op,1169 S Plymouth Ct #308,Chicago,IL,60605,312500,2,2,CHI - Loop,1250,,1979,1,250,709,Active,November-13-2021 11:00 AM,November-13-2021 12:30 PM,http://www.redfin.com/IL/Chicago/1169-S-Plymouth-Ct-60605/unit-308/home/23010443,MRED,11267138,N,Y,41.8678669,-87.628127
MLS Listing,,Single Family Residential,620 W Fullerton Pkwy,Chicago,IL,60614,3995000,5,4,CHI - Lincoln Park,5000,6146,1886,1,799,,Active,,,http://www.redfin.com/IL/Chicago/620-W-Fullerton-Pkwy-60614/home/13367672,MRED,11267131,N,Y,41.9257808,-87.6448362
MLS Listing,,Condo/Co-op,4434 S Calumet Ave Unit G,Chicago,IL,60653,188000,2,1.5,CHI - Grand Boulevard,1350,,1899,1,139,268,Active,,,http://www.redfin.com/IL/Chicago/4434-S-Calumet-Ave-60653/unit-G/home/12692175,MRED,11267132,N,Y,41.8137709,-87.6184653
MLS Listing,,Condo/Co-op,653 W Barry Ave Unit 1S,Chicago,IL,60657,415000,2,2,CHI - Lake View,,,,1,,293,Active,November-13-2021 11:00 AM,November-13-2021 01:00 PM,http://www.redfin.com/IL/Chicago/653-W-Barry-Ave-60657/unit-1S/home/26808779,MRED,11267124,N,Y,41.9376247,-87.6463774
MLS Listing,,Single Family Residential,,Chicago,IL,60613,1450000,5,3.5,CHI - Uptown,6091,,1906,1,238,,Active,,,http://www.redfin.com/IL/Chicago/Undisclosed-address-60613/home/13394215,MRED,11267125,N,Y,41.9594323,-87.6521525
MLS Listing,,Multi-Family (2-4 Unit),3859 W Montrose Ave,Chicago,IL,60618,400000,6,2.5,CHI - Irving Park,,3484,1968,1,,,Active,,,http://www.redfin.com/IL/Chicago/3859-W-Montrose-Ave-60618/home/13484221,MRED,11263836,N,Y,41.9607768,-87.7251692
MLS Listing,,Condo/Co-op,73 E Elm St Unit 5D,Chicago,IL,60611,389000,2,1,CHI - Near North Side,1200,,1928,1,324,1312,Active,November-13-2021 11:00 AM,November-13-2021 01:00 PM,http://www.redfin.com/IL/Chicago/73-E-Elm-St-60611/unit-5D/home/14123737,MRED,11267117,N,Y,41.9029066,-87.626004
MLS Listing,,Condo/Co-op,4408 N Long Ave #3,Chicago,IL,60630,155000,2,1,CHI - Portage Park,,,,1,,210,Active,,,http://www.redfin.com/IL/Chicago/4408-N-Long-Ave-60630/unit-3/home/12609151,MRED,11267114,N,Y,41.9607959,-87.7625014
MLS Listing,,Townhouse,1721 W Schubert Ave Unit H55,Chicago,IL,60614,875000,5,4.5,CHI - Lincoln Park,3074,,2008,1,285,350,Active,November-14-2021 12:00 PM,November-14-2021 02:00 PM,http://www.redfin.com/IL/Chicago/1721-W-Schubert-Ave-60614/unit-H55/home/105289637,MRED,11267119,N,Y,41.9309842,-87.6717345
MLS Listing,,Condo/Co-op,155 N Harbor Dr #814,Chicago,IL,60601,259000,0,1,Harbor Point,758,,1974,1,342,465,Active,,,http://www.redfin.com/IL/Chicago/155-N-Harbor-Dr-60601/unit-814/home/14094883,MRED,11267109,N,Y,41.8848951,-87.6153982
MLS Listing,,Condo/Co-op,57 E Delaware Pl #2001,Chicago,IL,60611,489900,1,1.5,CHI - Near North Side,1135,,2000,1,432,857,Active,,,http://www.redfin.com/IL/Chicago/57-E-Delaware-Pl-60611/unit-2001/home/12770902,MRED,11267104,N,Y,41.8989536,-87.6261597
MLS Listing,,Multi-Family (2-4 Unit),4634 W 47th St,Chicago,IL,60632,455000,8,3,CHI - Garfield Ridge,,3920,1968,1,,,Active,,,http://www.redfin.com/IL/Chicago/4634-W-47th-St-60632/home/177153422,MRED,11267103,N,Y,41.8078634,-87.7398621
MLS Listing,,Multi-Family (2-4 Unit),8540 S Maryland Ave,Chicago,IL,60619,160000,4,2,CHI - Chatham,,4356,1914,1,,,Active,,,http://www.redfin.com/IL/Chicago/8540-S-Maryland-Ave-60619/home/13222858,MRED,11267095,N,Y,41.7391127,-87.6039224
MLS Listing,,Condo/Co-op,1219 W Lunt Ave Unit 2B,Chicago,IL,60626,150000,1,1,CHI - Rogers Park,985,,1927,1,152,282,Active,November-13-2021 11:00 AM,November-13-2021 01:00 PM,http://www.redfin.com/IL/Chicago/1219-W-Lunt-Ave-60626/unit-2B/home/13569064,MRED,11267100,N,Y,42.008665,-87.662847
MLS Listing,,Condo/Co-op,100 E Huron St #3505,Chicago,IL,60611,1285000,3,2.5,CHI - Near North Side,2880,,1991,1,446,3045,Active,,,http://www.redfin.com/IL/Chicago/100-E-Huron-St-60611/unit-3505/home/14100154,MRED,11267088,N,Y,41.8953138,-87.624941
MLS Listing,,Single Family Residential,6058 W 63rd Pl,Chicago,IL,60638,300000,3,2,CHI - Clearing,,4626,1960,1,,,Active,,,http://www.redfin.com/IL/Chicago/6058-W-63rd-Pl-60638/home/13996711,MRED,11267087,N,Y,41.777213,-87.773707
MLS Listing,,Multi-Family (2-4 Unit),7040 S Indiana Ave,Chicago,IL,60637,269900,6,3,CHI - Greater Grand Crossing,,,1920,1,,,Active,,,http://www.redfin.com/IL/Chicago/7040-S-Indiana-Ave-60637/unit-2/home/13928892,MRED,11267073,N,Y,41.766218,-87.620574
MLS Listing,,Multi-Family (2-4 Unit),5240 W School St,Chicago,IL,60641,385000,6,2,CHI - Portage Park,,,1928,1,,,Active,,,http://www.redfin.com/IL/Chicago/5240-W-School-St-60641/home/13460137,MRED,11258670,N,Y,41.9407519,-87.7584007
MLS Listing,,Multi-Family (2-4 Unit),7027 S Washtenaw Ave,Chicago,IL,60629,199900,6,2,CHI - Chicago Lawn,,,1925,1,,,Active,,,http://www.redfin.com/IL/Chicago/7027-S-Washtenaw-Ave-60629/home/26831910,MRED,11267072,N,Y,41.7655529,-87.6903347
MLS Listing,,Condo/Co-op,5503 W Edmunds St Unit 1F,Chicago,IL,60630,155450,2,1,CHI - Jefferson Park,800,,1966,1,194,344,Active,,,http://www.redfin.com/IL/Chicago/5503-W-Edmunds-St-60630/unit-1F/home/12576905,MRED,11267068,N,Y,41.971289,-87.764918
MLS Listing,,Condo/Co-op,4907 N Ravenswood Ave Unit 1S,Chicago,IL,60640,650000,3,2.5,CHI - Uptown,2400,,2011,1,271,303,Active,November-14-2021 12:00 PM,November-14-2021 02:00 PM,http://www.redfin.com/IL/Chicago/4907-N-Ravenswood-Ave-60640/unit-1S/home/52592823,MRED,11267067,N,Y,41.972028,-87.6739218
MLS Listing,,Condo/Co-op,345 N Canal St #1607,Chicago,IL,60606,329999,1,1,CHI - Near West Side,1055,,1898,1,313,707,Active,,,http://www.redfin.com/IL/Chicago/345-N-Canal-St-60606/unit-1607/home/14101260,MRED,11267066,N,Y,41.8882217,-87.639654
MLS Listing,,Condo/Co-op,5528 N Kimball Ave Unit 2S,Chicago,IL,60625,219900,2,1,CHI - North Park,,,1955,1,,,Active,,,http://www.redfin.com/IL/Chicago/5528-N-Kimball-Ave-60625/unit-2S/home/13495282,MRED,11267063,N,Y,41.9821064,-87.7139767
MLS Listing,,Condo/Co-op,416 N Ada St #3,Chicago,IL,60622,374900,3,2,CHI - West Town,1400,,2005,1,268,316,Active,,,http://www.redfin.com/IL/Chicago/416-N-Ada-St-60642/unit-3/home/12610576,MRED,11267058,N,Y,41.8893797,-87.6611348
MLS Listing,,Multi-Family (2-4 Unit),2321 W Marquette Rd,Chicago,IL,60636,209000,7,3,CHI - Chicago Lawn,,,1922,1,,,Active,,,http://www.redfin.com/IL/Chicago/2321-W-Marquette-Rd-60636/home/13935516,MRED,11267053,N,Y,41.7717336,-87.6818048
MLS Listing,,Townhouse,4015 W 58th Pl,Chicago,IL,60629,184500,2,1.5,CHI - West Elsdon,1125,,1944,1,164,,Active,,,http://www.redfin.com/IL/Chicago/4015-W-58th-Pl-60629/home/14005575,MRED,11267048,N,Y,41.7866658,-87.7236687
MLS Listing,,Condo/Co-op,210 E Pearson St Unit 4D,Chicago,IL,60611,450000,2,2,CHI - Near North Side,1400,,1926,1,321,1146,Active,November-14-2021 01:30 PM,November-14-2021 03:00 PM,http://www.redfin.com/IL/Chicago/210-E-Pearson-St-60611/unit-4D/home/22916417,MRED,11267044,N,Y,41.8978254,-87.6212025
MLS Listing,,Vacant Land,5259 S Trumbull Ave,Chicago,IL,60632,60000,,,CHI - Gage Park,,,,1,,,Active,,,http://www.redfin.com/IL/Chicago/5259-S-Trumbull-Ave-60632/home/52644482,MRED,11267042,N,Y,41.7972439,-87.7094423
MLS Listing,,Condo/Co-op,1240 N Lake Shore Dr Unit 17A,Chicago,IL,60610,825000,3,2.5,CHI - Near North Side,2000,,1970,1,413,1850,Active,November-13-2021 02:00 PM,November-13-2021 04:00 PM,http://www.redfin.com/IL/Chicago/1240-N-Lake-Shore-Dr-60610/unit-17A/home/14125127,MRED,11267040,N,Y,41.905113,-87.62552
MLS Listing,,Multi-Family (2-4 Unit),2721 S Kostner Ave,Chicago,IL,60623,294900,5,3,CHI - South Lawndale,,,1910,1,,,Active,,,http://www.redfin.com/IL/Chicago/2721-S-Kostner-Ave-60623/unit-1/home/14146705,MRED,11267036,N,Y,41.8415448,-87.733941
MLS Listing,,Single Family Residential,8237 S Dante Ave,Chicago,IL,60619,359900,5,3.5,CHI - Avalon Park,3000,4599,1910,1,120,,Active,,,http://www.redfin.com/IL/Chicago/8237-S-Dante-Ave-60619/home/13222897,MRED,11267029,N,Y,41.7448662,-87.5890671
MLS Listing,,Single Family Residential,3941 N Oak Park Ave N,Chicago,IL,60634,390000,3,3,CHI - Dunning,1800,4499,1927,1,217,,Active,November-13-2021 11:00 AM,November-13-2021 02:00 PM,http://www.redfin.com/IL/Chicago/3941-N-Oak-Park-Ave-60634/home/13468864,MRED,11267021,N,Y,41.9520488,-87.7959875
MLS Listing,,Condo/Co-op,2150 W Division St #1,Chicago,IL,60622,650000,4,3,CHI - West Town,2300,,1998,1,283,193,Active,November-14-2021 11:00 AM,November-14-2021 01:00 PM,http://www.redfin.com/IL/Chicago/2150-W-Division-St-60622/unit-1/home/12789585,MRED,11267019,N,Y,41.9032917,-87.6817369
MLS Listing,,Condo/Co-op,500 W Superior St #1908,Chicago,IL,60654,647747,3,2,CHI - Near North Side,1480,,1974,1,438,1152,Active,,,http://www.redfin.com/IL/Chicago/500-W-Superior-St-60654/unit-1908/home/18944506,MRED,11267012,N,Y,41.895951,-87.642196
MLS Listing,,Single Family Residential,9841 S Maryland Ave S,Chicago,IL,60628,115000,2,2,CHI - Pullman,1200,,1946,1,96,,Active,,,http://www.redfin.com/IL/Chicago/9841-S-Maryland-Ave-60628/home/13088501,MRED,11267008,N,Y,41.7154133,-87.6027727
MLS Listing,,Single Family Residential,5205 S Sacramento Ave,Chicago,IL,60632,349900,4,3,CHI - Gage Park,3750,3750,,1,93,,Active,,,http://www.redfin.com/IL/Chicago/5205-S-Sacramento-Ave-60632/home/14016933,MRED,11267007,N,Y,41.7988482,-87.6985742
MLS Listing,,Single Family Residential,4966 N Kilpatrick Ave,Chicago,IL,60630,359700,5,1.5,CHI - Albany Park,2600,,,1,138,,Active,,,http://www.redfin.com/IL/Chicago/4966-N-Kilpatrick-Ave-60630/home/13495873,MRED,11267005,N,Y,41.9717557,-87.7420554
MLS Listing,,Multi-Family (2-4 Unit),2015 W 21st Pl,Chicago,IL,60608,500000,8,4,Heart of Chicago,,,1890,1,,,Active,,,http://www.redfin.com/IL/Chicago/2015-W-21st-Pl-60608/home/14086953,MRED,11267004,N,Y,41.8529115,-87.6764897
MLS Listing,,Multi-Family (2-4 Unit),5421 S Neenah Ave,Chicago,IL,60638,340000,4,2,CHI - Garfield Ridge,,,1926,2,,,Active,,,http://www.redfin.com/IL/Chicago/5421-S-Neenah-Ave-60638/unit-8/home/14028313,MRED,11267003,N,Y,41.7934795,-87.7852681
MLS Listing,,Multi-Family (2-4 Unit),2011 W 21st Pl,Chicago,IL,60608,500000,6,3,Heart of Chicago,,,1898,2,,,Active,,,http://www.redfin.com/IL/Chicago/2011-W-21st-Pl-60608/home/14086913,MRED,11267002,N,Y,41.852929,-87.6763934
MLS Listing,,Single Family Residential,7212 S Green St,Chicago,IL,60621,49900,3,1.5,CHI - Englewood,1050,,1902,2,48,,Active,,,http://www.redfin.com/IL/Chicago/7212-S-Green-St-60621/home/13914706,MRED,11266999,N,Y,41.7628275,-87.6458771
MLS Listing,,Multi-Family (2-4 Unit),221 W 23rd St,Chicago,IL,60616,750000,6,4,CHI - Armour Square,,,1886,2,,,Active,,,http://www.redfin.com/IL/Chicago/221-W-23rd-St-60616/unit-1FL/home/14082544,MRED,11266995,N,Y,41.85079,-87.6328631
MLS Listing,,Condo/Co-op,2020 N Lincoln Park West Unit 2E,Chicago,IL,60614,169000,1,1,CHI - Lincoln Park,,,1970,2,,610,Active,,,http://www.redfin.com/IL/Chicago/2020-N-Lincoln-Ave-60614/unit-2E/home/13348370,MRED,11266993,N,Y,41.9189287,-87.6400359
MLS Listing,,Condo/Co-op,21 W Goethe St Unit 6E,Chicago,IL,60610,117500,0,1,CHI - Near North Side,530,,1964,2,222,540,Active,,,http://www.redfin.com/IL/Chicago/21-W-Goethe-St-60610/unit-6E/home/14111190,MRED,11266991,N,Y,41.9054585,-87.6296264
MLS Listing,,Condo/Co-op,852 E 82nd St Unit 852-1,Chicago,IL,60619,49500,1,1,CHI - Chatham,,,1924,2,,143,Active,,,http://www.redfin.com/IL/Chicago/852-E-82nd-St-60619/unit-852-1/home/177154311,MRED,11266989,N,Y,41.7459272,-87.6030649
MLS Listing,,Multi-Family (2-4 Unit),6352 S Evans Ave,Chicago,IL,60637,89900,6,3,CHI - Woodlawn,,,1895,2,,,Active,,,http://www.redfin.com/IL/Chicago/6352-S-Evans-Ave-60637/home/13929720,MRED,11266988,N,Y,41.7788565,-87.607433
MLS Listing,,Condo/Co-op,630 W Waveland Ave Unit 2F,Chicago,IL,60613,265000,2,1,CHI - Lake View,,,1926,2,,404,Active,,,http://www.redfin.com/IL/Chicago/630-W-Waveland-Ave-60613/unit-2F/home/13378716,MRED,11266986,N,Y,41.9503842,-87.646023
MLS Listing,,Condo/Co-op,40 E Cedar St E Unit 5B,Chicago,IL,60611,219000,1,1,CHI - Near North Side,900,,1968,2,243,727,Active,,,http://www.redfin.com/IL/Chicago/40-E-Cedar-St-60611/unit-5B/home/14123736,MRED,11266984,N,Y,41.9027706,-87.6269295
MLS Listing,,Townhouse,8615 S Ingleside Ave,Chicago,IL,60619,140000,3,1.5,CHI - Chatham,1224,,1956,2,114,,Active,,,http://www.redfin.com/IL/Chicago/8615-S-Ingleside-Ave-60619/home/13222088,MRED,11266981,N,Y,41.7380661,-87.6009446
MLS Listing,,Condo/Co-op,175 E Delaware Pl #5402,Chicago,IL,60611,382999,2,2,CHI - Near North Side,1394,,1970,2,275,1123,Active,,,http://www.redfin.com/IL/Chicago/175-E-Delaware-Pl-60611/unit-5402/home/14119378,MRED,11266977,N,Y,41.8989444,-87.6227945
MLS Listing,,Single Family Residential,3010 W Cullerton St,Chicago,IL,60623,105000,2,2,CHI - South Lawndale,1344,2901,1905,2,78,,Active,,,http://www.redfin.com/IL/Chicago/3010-W-Cullerton-St-60623/home/13232343,MRED,11266975,N,Y,41.8549411,-87.7009121
MLS Listing,,Multi-Family (2-4 Unit),1519 W 18th Pl,Chicago,IL,60608,529000,6,3,CHI - Lower West Side,,,1895,2,,,Active,,,http://www.redfin.com/IL/Chicago/1519-W-18th-Pl-60608/home/14086406,MRED,11266967,N,Y,41.8567005,-87.6645285
MLS Listing,,Condo/Co-op,401 N Wabash Ave #2030,Chicago,IL,60611,126000,0,1,Trump Tower Chicago,675,,2008,2,187,2383,Active,,,http://www.redfin.com/IL/Chicago/401-N-Wabash-Ave-60611/unit-2030/home/39549181,MRED,11266965,N,Y,41.8888012,-87.6263094
MLS Listing,,Multi-Family (2-4 Unit),1142 W 17th St,Chicago,IL,60608,349900,10,6.5,CHI - Lower West Side,,,,2,,,Active,,,http://www.redfin.com/IL/Chicago/1142-W-17th-St-60608/home/14085229,MRED,11266963,N,Y,41.8590531,-87.6551266
MLS Listing,,Single Family Residential,4516 S Prairie Ave,Chicago,IL,60653,799000,5,3.5,CHI - Grand Boulevard,3300,,2017,2,242,,Active,,,http://www.redfin.com/IL/Chicago/4516-S-Prairie-Ave-60653/home/143935404,MRED,11266961,N,Y,41.8123623,-87.6200708
MLS Listing,,Single Family Residential,8321 S Green St,Chicago,IL,60620,137000,5,1.5,CHI - Auburn Gresham,1050,3123,1908,2,130,,Active,,,http://www.redfin.com/IL/Chicago/8321-S-Green-St-60620/home/13229944,MRED,11249968,N,Y,41.7426672,-87.644846
MLS Listing,,Single Family Residential,6015 S Nagle Ave,Chicago,IL,60638,325000,4,1.5,CHI - Clearing,2000,5039,1958,2,163,,Active,,,http://www.redfin.com/IL/Chicago/6015-S-Nagle-Ave-60638/home/13999095,MRED,11266959,N,Y,41.782705,-87.7823861
MLS Listing,,Condo/Co-op,100 E 14th St #1409,Chicago,IL,60605,475000,2,2,1400 Museum Park,1248,,2008,2,381,551,Active,November-14-2021 12:00 PM,November-14-2021 03:00 PM,http://www.redfin.com/IL/Chicago/100-E-14th-St-60605/unit-1409/home/16902668,MRED,11266955,N,Y,41.8645195,-87.6238055
MLS Listing,,Single Family Residential,4750 S Maplewood Ave,Chicago,IL,60632,499900,4,3.5,CHI - Brighton Park,2700,6250,2021,2,185,,Active,,,http://www.redfin.com/IL/Chicago/4750-S-Maplewood-Ave-60632/home/147722953,MRED,11266950,N,Y,41.806772,-87.688404
MLS Listing,,Single Family Residential,5534 S Hoyne Ave,Chicago,IL,60636,135000,3,1,CHI - West Englewood,1056,3750,1918,2,128,,Active,,,http://www.redfin.com/IL/Chicago/5534-S-Hoyne-Ave-60636/home/13939423,MRED,11247548,N,Y,41.792511,-87.6768941
MLS Listing,,Single Family Residential,322 W 104th St,Chicago,IL,60628,256900,4,2.5,CHI - Roseland,1600,3136,1939,2,161,,Active,,,http://www.redfin.com/IL/Chicago/322-W-104th-St-60628/home/13078043,MRED,11266938,N,Y,41.7053751,-87.6316522
MLS Listing,,Single Family Residential,2649 N Melvina Ave N,Chicago,IL,60639,393500,5,3,CHI - Belmont Cragin,1768,,1925,2,223,,Active,,,http://www.redfin.com/IL/Chicago/2649-N-Melvina-Ave-60639/home/13436990,MRED,11266937,N,Y,41.9288632,-87.7805031
MLS Listing,,Multi-Family (2-4 Unit),5317 W Barry Ave,Chicago,IL,60641,484900,6,3,CHI - Belmont Cragin,,,1922,2,,,Active,,,http://www.redfin.com/IL/Chicago/5317-W-Barry-Ave-60641/home/13442829,MRED,11266933,N,Y,41.9366356,-87.7598233
MLS Listing,,Single Family Residential,1204 W 90th St,Chicago,IL,60620,162500,3,1,CHI - Washington Heights,3632,,1941,2,45,,Active,,,http://www.redfin.com/IL/Chicago/1204-W-90th-St-60620/home/13104161,MRED,11266927,N,Y,41.7306082,-87.6534695
MLS Listing,,Multi-Family (2-4 Unit),4820 N Keeler Ave,Chicago,IL,60630,549999,8,3,CHI - Albany Park,,,1916,2,,,Active,November-13-2021 01:00 PM,November-13-2021 03:00 PM,http://www.redfin.com/IL/Chicago/4820-N-Keeler-Ave-60630/unit-2/home/13495302,MRED,11266922,N,Y,41.9688723,-87.733287
MLS Listing,,Condo/Co-op,1726 N Mohawk St Unit 2S,Chicago,IL,60614,675000,2,2,CHI - Lincoln Park,1400,,1999,2,482,236,Active,November-14-2021 01:00 PM,November-14-2021 03:00 PM,http://www.redfin.com/IL/Chicago/1726-N-Mohawk-St-60614/unit-2S/home/12770697,MRED,11235525,N,Y,41.9137069,-87.6425815
MLS Listing,,Multi-Family (2-4 Unit),1055 W Wellington Ave,Chicago,IL,60657,695000,5,3,CHI - Lake View,,,1891,2,,,Active,,,http://www.redfin.com/IL/Chicago/1055-W-Wellington-Ave-60657/home/13364848,MRED,11266903,N,Y,41.9359811,-87.6560507
MLS Listing,,Single Family Residential,6000 S Honore St,Chicago,IL,60636,69900,3,1,CHI - West Englewood,1000,2935,1910,2,70,,Active,,,http://www.redfin.com/IL/Chicago/6000-S-Honore-St-60636/home/13936870,MRED,11266899,N,Y,41.7847346,-87.6706539
MLS Listing,,Condo/Co-op,512 N Mcclurg Ct #3405,Chicago,IL,60611,319000,1,1,CHI - Near North Side,965,,2001,2,331,503,Active,,,http://www.redfin.com/IL/Chicago/512-N-McClurg-Ct-60611/unit-3405/home/12695375,MRED,11266894,N,Y,41.8915234,-87.6178142
MLS Listing,,Condo/Co-op,420 S Clinton St Unit 208A,Chicago,IL,60607,309900,2,1.5,CHI - Near West Side,,,1892,2,,408,Active,,,http://www.redfin.com/IL/Chicago/420-S-Clinton-St-60607/unit-208A/home/12735459,MRED,11266892,N,Y,41.876041,-87.6412332
MLS Listing,,Condo/Co-op,811 S Lytle St #508,Chicago,IL,60607,343000,2,2,Columbus on the Park,1200,,2000,2,286,612,Active,November-13-2021 11:00 AM,November-13-2021 01:00 PM,http://www.redfin.com/IL/Chicago/811-S-Lytle-St-60607/unit-508/home/12787943,MRED,11266884,N,Y,41.8715311,-87.6575342
MLS Listing,,Single Family Residential,11436 S Campbell Ave,Chicago,IL,60655,305000,4,2,CHI - Morgan Park,2648,4064,,2,115,,Active,,,http://www.redfin.com/IL/Chicago/11436-S-Campbell-Ave-60655/home/13133332,MRED,11266879,N,Y,41.6852108,-87.6837497
MLS Listing,,Condo/Co-op,1700 E 56th St #304,Chicago,IL,60637,127000,1,1,CHI - Hyde Park,756,,1970,2,168,592,Active,,,http://www.redfin.com/IL/Chicago/1700-E-56th-St-60637/unit-304/home/13946281,MRED,11266871,N,Y,41.7938289,-87.5832152
MLS Listing,,Single Family Residential,4826 W Hubbard St,Chicago,IL,60644,179900,4,2,CHI - Austin,1344,,1905,2,134,,Active,,,http://www.redfin.com/IL/Chicago/4826-W-Hubbard-St-60644/home/13264337,MRED,11266863,N,Y,41.8888764,-87.7467494
MLS Listing,,Parking,401 N Wabash Ave Unit P045,Chicago,IL,60611,35000,,,Trump Tower Chicago,,,2008,2,,88,Active,,,http://www.redfin.com/IL/Chicago/401-N-Wabash-Ave-60611/unit-P045/home/177153767,MRED,11266862,N,Y,41.8888012,-87.6263094
MLS Listing,,Single Family Residential,846 N Lawler Ave,Chicago,IL,60651,185000,3,1.5,CHI - Austin,,,1915,2,,,Active,,,http://www.redfin.com/IL/Chicago/846-N-Lawler-Ave-60651/home/13279666,MRED,11266856,N,Y,41.8963892,-87.7522004
MLS Listing,,Condo/Co-op,2320 W Moffat St #0,Chicago,IL,60647,739000,4,2.5,CHI - Logan Square,1950,,1886,2,379,,Active,,,http://www.redfin.com/IL/Chicago/2320-W-Moffat-St-60647/home/13355930,MRED,11256256,N,Y,41.9148455,-87.6857069
MLS Listing,,Condo/Co-op,1728 W Farwell Ave #207,Chicago,IL,60626,210000,3,2,CHI - Rogers Park,1200,,1968,2,175,366,Active,,,http://www.redfin.com/IL/Chicago/1728-W-Farwell-Ave-60626/unit-207/home/12797147,MRED,11266841,N,Y,42.0068777,-87.6745637
MLS Listing,,Multi-Family (2-4 Unit),1425 W Gregory St,Chicago,IL,60640,1800000,10,8,Andersonville,,,2019,2,,,Active,,,http://www.redfin.com/IL/Chicago/1425-W-Gregory-St-60640/home/13401827,MRED,11266835,N,Y,41.9823895,-87.6659924
MLS Listing,,Multi-Family (2-4 Unit),650 W Barry Ave,Chicago,IL,60657,1650000,11,6.5,CHI - Lake View,,,1903,2,,,Active,,,http://www.redfin.com/IL/Chicago/650-W-Barry-Ave-60657/unit-3/home/13373715,MRED,11266829,N,Y,41.9381371,-87.6463107
MLS Listing,,Multi-Family (2-4 Unit),3933 W Lexington St,Chicago,IL,60624,414900,9,6,CHI - West Garfield Park,,,2006,2,,,Active,,,http://www.redfin.com/IL/Chicago/3933-W-Lexington-St-60624/unit-2/home/26811345,MRED,11266821,N,Y,41.8714259,-87.7242166
MLS Listing,,Condo/Co-op,3515 W Ainslie St Unit 3515-3,Chicago,IL,60625,259999,3,2,CHI - Albany Park,,,1921,2,,377,Active,,,http://www.redfin.com/IL/Chicago/3515-W-Ainslie-St-60625/unit-3515-3/home/177153633,MRED,11248566,N,Y,41.970065,-87.716589
MLS Listing,,Multi-Family (2-4 Unit),1401 N Mohawk St,Chicago,IL,60610,2000000,10,9,CHI - Near North Side,,2613,1879,2,,,Active,,,http://www.redfin.com/IL/Chicago/1401-N-Mohawk-St-60610/unit-1/home/14117340,MRED,11266817,N,Y,41.9076704,-87.6418655
MLS Listing,,Multi-Family (2-4 Unit),7251 S Ashland Ave,Chicago,IL,60636,229000,3,2,CHI - West Englewood,,,,2,,,Active,,,http://www.redfin.com/IL/Chicago/7251-S-Ashland-Ave-60636/home/13914944,MRED,11266815,N,Y,41.7615905,-87.6633725
MLS Listing,,Condo/Co-op,4216 N Winchester Ave #3,Chicago,IL,60613,450000,3,2,CHI - North Center,1600,,,2,281,200,Active,November-13-2021 12:30 PM,November-13-2021 02:30 PM,http://www.redfin.com/IL/Chicago/4216-N-Winchester-Ave-60613/unit-3/home/12652074,MRED,11266806,N,Y,41.9583612,-87.6777498
MLS Listing,,Condo/Co-op,1643 N Larrabee St Unit H,Chicago,IL,60614,715000,3,2.5,CHI - Lincoln Park,,,1983,2,,583,Active,November-13-2021 11:30 AM,November-13-2021 01:30 PM,http://www.redfin.com/IL/Chicago/1643-N-Larrabee-St-60614/unit-H/home/13347235,MRED,11266798,N,Y,41.9123427,-87.6432785
MLS Listing,,Parking,655 W Irving Park Rd Unit B-165,Chicago,IL,60613,22000,,,CHI - Lake View,,,1974,2,,,Active,,,http://www.redfin.com/IL/Chicago/655-W-Irving-Park-Rd-60613/unit-B165/home/12729289,MRED,11266790,N,Y,41.9543355,-87.6469625
MLS Listing,,Townhouse,7506 N Ridge Blvd Unit F,Chicago,IL,60645,195000,3,1.5,CHI - West Ridge,1240,,1960,2,157,,Active,November-13-2021 11:00 AM,November-13-2021 01:00 PM,http://www.redfin.com/IL/Chicago/7506-N-Ridge-Blvd-60645/unit-F/home/177153455,MRED,11266784,N,Y,42.0181449,-87.68543
MLS Listing,,Townhouse,1843 N Hudson Ave,Chicago,IL,60614,899000,3,3.5,CHI - Lincoln Park,2400,,1985,2,375,549,Active,November-13-2021 11:30 AM,November-13-2021 01:00 PM,http://www.redfin.com/IL/Chicago/1843-N-Hudson-Ave-60614/home/22780329,MRED,11266783,N,Y,41.915992,-87.639798
MLS Listing,,Single Family Residential,1635 W 88th St,Chicago,IL,60620,145000,3,1.5,CHI - Auburn Gresham,1528,5623,1950,2,95,,Active,,,http://www.redfin.com/IL/Chicago/1635-W-88th-St-60620/home/13101164,MRED,11266780,N,Y,41.7338155,-87.6644802
MLS Listing,,Townhouse,1008 N Kingsbury St,Chicago,IL,60610,799000,3,3,River Village,2107,,2007,2,379,248,Active,November-13-2021 11:00 AM,November-13-2021 02:00 PM,http://www.redfin.com/IL/Chicago/1008-N-Kingsbury-St-60610/home/12612762,MRED,11266777,N,Y,41.8999305,-87.6452607
MLS Listing,,Single Family Residential,13537 S Avenue L,Chicago,IL,60633,165000,3,1,CHI - Hegewisch,1000,,1920,2,165,,Active,,,http://www.redfin.com/IL/Chicago/13537-S-Ave-L-60633/home/13030965,MRED,11266768,N,Y,41.6489095,-87.5359731
MLS Listing,,Single Family Residential,10432 S Avenue G,Chicago,IL,60617,239900,3,1.5,CHI - East Side,1400,3750,,2,171,,Active,,,http://www.redfin.com/IL/Chicago/10432-S-Ave-G-60617/home/13039338,MRED,11266766,N,Y,41.7054273,-87.5318255
MLS Listing,,Condo/Co-op,300 N State St #3507,Chicago,IL,60654,230000,1,1,CHI - Near North Side,725,,1962,2,317,588,Active,,,http://www.redfin.com/IL/Chicago/300-N-State-St-60654/unit-3507/home/14100498,MRED,11266760,N,Y,41.8883034,-87.6284665
MLS Listing,,Single Family Residential,640 W Belden Ave,Chicago,IL,60614,3299000,7,6.5,CHI - Lincoln Park,6350,,2021,2,520,,Active,,,http://www.redfin.com/IL/Chicago/640-W-Belden-Ave-60614/home/13351033,MRED,11266748,N,Y,41.9238972,-87.6454916
MLS Listing,,Condo/Co-op,4826 N Linder Ave Unit 2A,Chicago,IL,60630,140000,1,1,CHI - Jefferson Park,,,1973,2,,142,Active,,,http://www.redfin.com/IL/Chicago/4826-N-Linder-Ave-60630/unit-2A/home/177153315,MRED,11266746,N,Y,41.9686499,-87.765744
MLS Listing,,Condo/Co-op,250 E Pearson St #1104,Chicago,IL,60611,565000,1,1.5,CHI - Near North Side,1144,,2003,2,494,715,Active,,,http://www.redfin.com/IL/Chicago/250-E-Pearson-St-60611/unit-1104/home/12562944,MRED,11266744,N,Y,41.8979225,-87.6193321
MLS Listing,,Townhouse,436 E Oakwood Blvd,Chicago,IL,60653,390000,5,3,CHI - Grand Boulevard,3700,,1959,2,105,,Active,,,http://www.redfin.com/IL/Chicago/436-E-Oakwood-Blvd-60653/home/13961412,MRED,11266729,N,Y,41.8229307,-87.6153018
MLS Listing,,Multi-Family (2-4 Unit),2747 N Dayton St,Chicago,IL,60614,1000000,5,3,CHI - Lincoln Park,,,1886,2,,,Active,,,http://www.redfin.com/IL/Chicago/2747-N-Dayton-St-60614/home/13361292,MRED,11266728,N,Y,41.9322785,-87.650001
MLS Listing,,Single Family Residential,4511 N Drake Ave,Chicago,IL,60625,750000,4,3.5,CHI - Albany Park,3600,3550,2006,2,208,,Active,,,http://www.redfin.com/IL/Chicago/4511-N-Drake-Ave-60625/home/26805214,MRED,11266730,N,Y,41.9633145,-87.7164727
MLS Listing,,Multi-Family (2-4 Unit),7916 S Escanaba Ave,Chicago,IL,60617,225000,5,2,CHI - South Chicago,,,1907,2,,,Active,,,http://www.redfin.com/IL/Chicago/7916-S-Escanaba-Ave-60617/home/13215670,MRED,11266737,N,Y,41.7513634,-87.5543602
MLS Listing,,Single Family Residential,7926 S Escanaba Ave,Chicago,IL,60617,77900,4,1.5,CHI - South Chicago,,3101,1895,2,,,Active,,,http://www.redfin.com/IL/Chicago/7926-S-Escanaba-Ave-60617/home/13215085,MRED,11266731,N,Y,41.7510814,-87.5543506
MLS Listing,,Townhouse,7200 W Balmoral Ave,Chicago,IL,60656,229000,2,1.5,CHI - Norwood Park,,,1945,2,,,Active,,,http://www.redfin.com/IL/Chicago/7200-W-Balmoral-Ave-60656/home/13557094,MRED,11266732,N,Y,41.9780835,-87.8072421
MLS Listing,,Multi-Family (2-4 Unit),4155 N Marmora Ave,Chicago,IL,60634,499000,5,3,CHI - Portage Park,,,1920,2,,,Active,,,http://www.redfin.com/IL/Chicago/4155-N-Marmora-Ave-60634/unit-2/home/13473713,MRED,11266723,N,Y,41.956517,-87.7741521
MLS Listing,,Condo/Co-op,3930 N Pine Grove Ave #1515,Chicago,IL,60613,239000,2,2,CHI - Lake View,1100,,1969,2,217,946,Active,,,http://www.redfin.com/IL/Chicago/3930-N-Pine-Grove-Ave-60613/unit-1515/home/13380457,MRED,11266711,N,Y,41.9542371,-87.648457
MLS Listing,,Condo/Co-op,1359 N Mohawk St #3,Chicago,IL,60610,649000,3,2,CHI - Near North Side,1700,,2004,2,382,208,Active,,,http://www.redfin.com/IL/Chicago/1359-N-Mohawk-St-60610/unit-3/home/12724417,MRED,11227372,N,Y,41.9072433,-87.6418269
MLS Listing,,Condo/Co-op,310 S Michigan Ave #910,Chicago,IL,60604,265000,1,1,CHI - Loop,770,,1924,2,344,440,Active,,,http://www.redfin.com/IL/Chicago/310-S-Michigan-Ave-60604/unit-910/home/39567535,MRED,11266694,N,Y,41.8778248,-87.6246019
MLS Listing,,Parking,505 N Lake Shore Dr Unit D-16,Chicago,IL,60611,72000,,,Lake Point Tower,,,,2,,56,Active,,,http://www.redfin.com/IL/Chicago/505-N-Lake-Shore-Dr-60611/unit-D-16/home/14095974,MRED,11266705,N,Y,41.8915839,-87.6126983
MLS Listing,,Single Family Residential,70 E 101st St,Chicago,IL,60628,245000,3,2,CHI - Roseland,1200,,1926,2,204,,Active,,,http://www.redfin.com/IL/Chicago/70-E-101st-St-60628/home/13090221,MRED,11266698,N,Y,41.7110452,-87.6209711
MLS Listing,,Condo/Co-op,5420 S Michigan Ave #4,Chicago,IL,60615,190000,3,2,CHI - Washington Park,1500,,2006,2,127,130,Active,,,http://www.redfin.com/IL/Chicago/5420-S-Michigan-Ave-60615/unit-4/home/18937252,MRED,11266701,N,Y,41.7959135,-87.6228608